{"errors":[],"warnings":[],"namedChunkGroups":{"app":{"chunks":[4,1],"assets":["webpack-runtime-284dbc4a73f2d03bb769.js","webpack-runtime-284dbc4a73f2d03bb769.js.map","app-029c5399c9fa7ebb0c0a.js","app-029c5399c9fa7ebb0c0a.js.map"],"children":{},"childAssets":{}},"component---src-pages-404-tsx":{"chunks":[0,2],"assets":["0-46589db9bbb7faa0c3f0.js","0-46589db9bbb7faa0c3f0.js.map","component---src-pages-404-tsx-a4c65c7e589efc011e1d.js","component---src-pages-404-tsx-a4c65c7e589efc011e1d.js.map"],"children":{},"childAssets":{}},"component---src-pages-index-tsx":{"chunks":[0,5,3],"assets":["0-46589db9bbb7faa0c3f0.js","0-46589db9bbb7faa0c3f0.js.map","5-14239b9052825647035e.js","5-14239b9052825647035e.js.map","component---src-pages-index-tsx-e3ae7090daf2873e442e.js","component---src-pages-index-tsx-e3ae7090daf2873e442e.js.map"],"children":{},"childAssets":{}}},"assetsByChunkName":{"app":["webpack-runtime-284dbc4a73f2d03bb769.js","app-029c5399c9fa7ebb0c0a.js"],"component---src-pages-404-tsx":["0-46589db9bbb7faa0c3f0.js","component---src-pages-404-tsx-a4c65c7e589efc011e1d.js"],"component---src-pages-index-tsx":["0-46589db9bbb7faa0c3f0.js","5-14239b9052825647035e.js","component---src-pages-index-tsx-e3ae7090daf2873e442e.js"]}}