{"errors":[],"warnings":[],"namedChunkGroups":{"app":{"chunks":[4,1],"assets":["webpack-runtime-12ef5c04dfe014a492f0.js","webpack-runtime-12ef5c04dfe014a492f0.js.map","app-9916ae74170e413e807a.js","app-9916ae74170e413e807a.js.map"],"children":{},"childAssets":{}},"component---src-pages-404-tsx":{"chunks":[0,2],"assets":["0-db814475e154fc4da2a0.js","0-db814475e154fc4da2a0.js.map","component---src-pages-404-tsx-f8235467b385ba8f08eb.js","component---src-pages-404-tsx-f8235467b385ba8f08eb.js.map"],"children":{},"childAssets":{}},"component---src-pages-index-tsx":{"chunks":[0,5,3],"assets":["0-db814475e154fc4da2a0.js","0-db814475e154fc4da2a0.js.map","5-4e445835fe38afcfd123.js","5-4e445835fe38afcfd123.js.map","component---src-pages-index-tsx-5b72260d4d41d26e7efc.js","component---src-pages-index-tsx-5b72260d4d41d26e7efc.js.map"],"children":{},"childAssets":{}}},"assetsByChunkName":{"app":["webpack-runtime-12ef5c04dfe014a492f0.js","app-9916ae74170e413e807a.js"],"component---src-pages-404-tsx":["0-db814475e154fc4da2a0.js","component---src-pages-404-tsx-f8235467b385ba8f08eb.js"],"component---src-pages-index-tsx":["0-db814475e154fc4da2a0.js","5-4e445835fe38afcfd123.js","component---src-pages-index-tsx-5b72260d4d41d26e7efc.js"]}}