Symbol,Price,Type,Strike,"Exp Date",DTE,Bid,Midpoint,Ask,Last,Volume,"Open Int",Vol/OI,IV,Time
PCG,9.45,Call,11.00,07/31/20,29,0.40,0.42,0.43,0.40,138048,715,193.07,85.95%,07/02/20
EOG,50.52,Call,55.00,08/21/20,50,1.98,2.05,2.11,2.10,8082,117,69.08,50.25%,07/02/20
PCG,9.45,Put,9.00,01/15/21,197,1.70,1.78,1.86,1.73,6583,101,65.18,74.40%,07/02/20
SFIX,28.55,Call,30.00,07/10/20,8,0.56,0.57,0.57,0.56,7056,117,60.31,65.88%,07/02/20
CZR,12.3,Put,12.00,01/21/22,568,1.77,1.9,2.03,5.26,8378,182,46.03,98.46%,07/02/20
QTT,3.46,Call,2.50,07/17/20,15,1.00,1.05,1.10,1.10,12150,270,45,198.64%,07/02/20
GNUS,3.55,Put,2.50,07/10/20,8,0.25,0.3,0.35,0.32,4611,107,43.09,418.23%,07/02/20
IRDM,26.46,Call,30.00,08/21/20,50,1.10,1.13,1.15,1.12,4022,117,34.38,59.80%,07/02/20
VZ,54.79,Put,53.00,07/31/20,29,0.86,0.93,1.00,0.82,4216,123,34.28,26.01%,07/02/20
STM,27.09,Call,30.00,08/21/20,50,0.80,0.83,0.85,0.81,4334,142,30.52,45.36%,07/02/20
PBR,8.48,Call,11.00,01/15/21,197,0.46,0.52,0.58,0.57,15413,511,30.16,52.66%,07/02/20
LRCX,323.7,Call,340.00,07/10/20,8,2.80,2.84,2.88,2.88,7688,261,29.46,44.30%,07/02/20
TSLA,1208.66,Put,1140.00,07/10/20,8,12.30,12.75,13.20,13.15,2890,101,28.61,55.01%,07/02/20
ERI,41.2,Put,41.00,07/17/20,15,2.40,3.03,3.65,2.89,5661,200,28.31,90.43%,07/02/20
WSM,83.2,Call,87.50,08/21/20,50,2.95,3.13,3.30,3.10,3813,144,26.48,38.88%,07/02/20
INO,21.45,Put,30.00,08/21/20,50,12.15,12.48,12.80,12.78,5008,192,26.08,213.18%,07/02/20
SFIX,28.55,Call,28.00,07/10/20,8,1.17,1.31,1.45,1.27,2638,104,25.37,57.81%,07/02/20
ET,7.04,Call,8.00,07/31/20,29,0.10,0.11,0.11,0.12,14389,589,24.43,52.41%,07/02/20
VIPS,20.48,Call,26.00,08/21/20,50,0.30,0.38,0.45,0.40,3091,129,23.96,61.33%,07/02/20
ZTO,37.53,Call,39.71,01/15/21,197,3.50,3.7,3.90,3.90,3861,164,23.54,42.57%,07/02/20
TSLA,1208.66,Put,1150.00,07/10/20,8,14.50,14.93,15.35,15.40,6884,304,22.64,54.31%,07/02/20
TSLA,1208.66,Put,1180.00,07/10/20,8,23.45,24.15,24.85,24.34,2374,108,21.98,52.56%,07/02/20
GNUS,3.55,Call,3.50,07/10/20,8,0.55,0.6,0.65,0.60,26172,1200,21.81,277.74%,07/02/20
HON,145.02,Put,130.00,08/21/20,50,2.34,2.59,2.83,2.75,2519,119,21.17,40.64%,07/02/20
TSLA,1208.66,Put,1190.00,07/10/20,8,27.80,28.3,28.80,28.50,2491,125,19.93,52.60%,07/02/20
ERIC,9.31,Put,9.00,10/16/20,106,0.65,0.68,0.70,0.65,6865,348,19.73,41.42%,07/02/20
TSLA,1208.66,Put,1170.00,07/10/20,8,20.30,20.73,21.15,20.95,2434,125,19.47,53.07%,07/02/20
GNUS,3.55,Call,3.00,07/10/20,8,0.80,0.83,0.85,0.75,45632,2356,19.37,217.60%,07/02/20
HLT,74.52,Put,72.50,10/16/20,106,6.70,6.85,7.00,7.00,2035,112,18.17,51.58%,07/02/20
GNUS,3.55,Call,4.00,07/10/20,8,0.45,0.48,0.50,0.49,19702,1087,18.13,313.27%,07/02/20
KHC,31.81,Call,33.00,07/31/20,29,0.58,0.76,0.94,0.80,5736,327,17.54,35.59%,07/02/20
RRR,10.79,Put,10.00,08/21/20,50,1.05,1.13,1.20,1.10,2539,147,17.27,96.38%,07/02/20
TSLA,1208.66,Put,1220.00,07/10/20,8,42.40,43.5,44.60,43.80,2048,121,16.93,53.10%,07/02/20
INTC,59.13,Put,59.50,07/10/20,8,1.03,1.1,1.17,1.17,3384,201,16.84,28.10%,07/02/20
IQ,23.82,Call,24.00,07/17/20,15,1.00,1.08,1.15,1.04,2338,141,16.58,58.02%,07/02/20
PENN,30.93,Call,47.00,07/17/20,15,0.09,0.18,0.27,0.13,5558,338,16.44,115.22%,07/02/20
CCL,15.88,Call,15.00,07/10/20,8,1.15,1.21,1.26,1.23,5596,341,16.41,76.90%,07/02/20
PFE,34.51,Put,34.50,07/10/20,8,0.53,0.58,0.62,0.58,5527,338,16.35,28.97%,07/02/20
DOCU,190.99,Call,195.00,07/10/20,8,2.90,4.15,5.40,4.70,1806,111,16.27,56.91%,07/02/20
ROKU,128.65,Call,132.00,07/10/20,8,2.79,2.9,3.00,2.85,3289,208,15.81,55.94%,07/02/20
ZM,261.74,Call,272.50,07/10/20,8,2.25,2.38,2.50,2.26,1799,114,15.78,39.23%,07/02/20
TSLA,1208.66,Put,1095.00,07/10/20,8,6.90,7.03,7.15,7.06,1647,109,15.11,60.72%,07/02/20
SQ,113.39,Put,108.00,07/10/20,8,1.05,1.1,1.15,1.12,2269,153,14.83,47.56%,07/02/20
GNUS,3.55,Call,4.50,07/10/20,8,0.35,0.38,0.40,0.40,4732,322,14.7,335.12%,07/02/20
GOOG,1464.7,Call,1500.00,07/10/20,8,5.00,6.25,7.50,6.90,2417,174,13.89,22.37%,07/02/20
CAR,25.92,Call,32.00,07/17/20,15,0.30,0.32,0.35,0.35,2751,206,13.35,92.13%,07/02/20
PDD,93,Call,95.00,07/10/20,8,2.28,2.4,2.52,2.36,3095,240,12.9,58.58%,07/02/20
WYNN,77.32,Call,82.50,07/17/20,15,2.02,2.14,2.26,2.03,3973,309,12.86,63.44%,07/02/20
MSFT,206.26,Call,215.00,09/18/20,78,5.60,6.7,7.80,6.97,2589,202,12.82,27.15%,07/02/20
INTC,59.13,Call,65.00,06/18/21,351,4.40,4.65,4.90,4.60,1319,103,12.81,28.33%,07/02/20
NIO,9.38,Call,11.00,07/10/20,8,0.36,0.37,0.38,0.37,16762,1310,12.8,162.23%,07/02/20
PCG,9.45,Call,9.50,07/31/20,29,0.76,0.84,0.91,0.83,1618,128,12.64,79.94%,07/02/20
LVS,46.34,Call,53.00,07/17/20,15,0.25,0.28,0.30,0.27,1313,105,12.5,52.88%,07/02/20
CCL,15.88,Put,15.50,07/10/20,8,0.59,0.64,0.69,0.61,10761,875,12.3,85.06%,07/02/20
TSLA,1208.66,Call,1340.00,07/10/20,8,8.60,9.15,9.70,9.55,3489,288,12.11,66.45%,07/02/20
AU,28.98,Put,25.00,01/15/21,197,2.70,2.83,2.95,2.75,2033,170,11.96,58.07%,07/02/20
MSFT,206.26,Put,205.00,08/21/20,50,8.00,9.65,11.30,8.75,1703,143,11.91,31.53%,07/02/20
GPS,12.28,Call,12.00,07/10/20,8,0.66,0.78,0.90,0.74,3299,277,11.91,81.97%,07/02/20
JPM,92.66,Call,92.50,07/17/20,15,3.20,3.28,3.35,3.25,1590,134,11.87,41.98%,07/02/20
CCL,15.88,Call,16.00,07/17/20,15,0.94,0.96,0.98,0.94,8909,756,11.78,77.23%,07/02/20
SPOT,271.49,Call,300.00,07/10/20,8,2.05,2.15,2.25,2.25,6228,532,11.71,66.11%,07/02/20
IRDM,26.46,Call,30.00,10/16/20,106,2.00,2.08,2.15,2.05,4268,370,11.54,58.03%,07/02/20
JD,61.39,Call,70.00,12/18/20,169,3.75,3.95,4.15,4.00,1948,169,11.53,41.66%,07/02/20
SQ,113.39,Call,150.00,01/15/21,197,6.50,7,7.50,7.05,1110,100,11.1,52.60%,07/02/20
MMM,157.04,Call,160.00,07/10/20,8,0.88,0.99,1.09,0.90,2902,265,10.95,21.71%,07/02/20
TSLA,1208.66,Call,1400.00,07/10/20,8,6.05,6.28,6.50,6.06,8663,795,10.9,74.30%,07/02/20
GNUS,3.55,Call,3.50,07/17/20,15,0.60,0.63,0.65,0.65,9962,920,10.83,220.65%,07/02/20
LITE,82.26,Put,80.00,07/17/20,15,1.75,2.05,2.35,1.80,1264,118,10.71,42.76%,07/02/20
NVDA,384.49,Call,445.00,07/17/20,15,0.40,0.44,0.48,0.48,5676,536,10.59,39.94%,07/02/20
GOOGL,1469.93,Call,1500.00,07/10/20,8,8.90,9.05,9.20,9.00,7140,674,10.59,23.37%,07/02/20
AMZN,2890.3,Call,2940.00,07/10/20,8,21.80,24.7,27.60,28.45,2294,217,10.57,28.48%,07/02/20
AMZN,2890.3,Call,2950.00,07/10/20,8,22.90,23.73,24.55,24.00,3646,351,10.39,27.69%,07/02/20
AMZN,2890.3,Put,2850.00,07/10/20,8,27.15,28.67,30.20,30.20,2550,247,10.32,28.33%,07/02/20
NIO,9.38,Call,15.00,07/10/20,8,0.09,0.1,0.11,0.10,4069,398,10.22,207.75%,07/02/20
XLNX,95.29,Call,99.00,07/10/20,8,0.59,0.72,0.85,0.70,1182,116,10.19,35.41%,07/02/20
GNUS,3.55,Call,5.00,07/10/20,8,0.35,0.38,0.40,0.40,4584,457,10.03,386.99%,07/02/20
NIO,9.38,Call,9.50,07/17/20,15,1.02,1.04,1.05,1.05,3620,364,9.95,145.47%,07/02/20
LULU,304.77,Call,350.00,07/10/20,8,0.17,0.27,0.36,0.26,1040,105,9.9,49.01%,07/02/20
NIO,9.38,Call,13.00,07/10/20,8,0.16,0.18,0.19,0.16,1521,154,9.88,181.20%,07/02/20
GNUS,3.55,Call,2.50,07/10/20,8,1.05,1.08,1.10,1.10,23373,2410,9.7,198.37%,07/02/20
TSLA,1208.66,Put,1200.00,07/17/20,15,51.75,52.43,53.10,51.75,2199,227,9.69,57.86%,07/02/20
JD,61.39,Put,62.00,07/10/20,8,1.45,1.5,1.54,1.48,1193,124,9.62,31.87%,07/02/20
RAD,17.22,Call,22.00,10/16/20,106,1.34,1.85,2.36,1.71,1500,156,9.62,86.20%,07/02/20
AMZN,2890.3,Call,2910.00,07/10/20,8,32.15,36.3,40.45,37.30,1671,177,9.44,26.91%,07/02/20
AVYA,12.76,Call,12.50,08/21/20,50,1.75,1.8,1.85,1.82,3028,321,9.43,90.27%,07/02/20
SNAP,23.22,Call,24.50,07/24/20,22,0.66,0.69,0.72,0.70,4565,487,9.37,52.63%,07/02/20
PENN,30.93,Put,28.00,07/10/20,8,0.54,0.55,0.55,0.56,1209,130,9.3,93.46%,07/02/20
MS,47.79,Put,37.00,08/21/20,50,0.31,0.35,0.38,0.34,1026,111,9.24,52.12%,07/02/20
DOCU,190.99,Call,200.00,07/10/20,8,2.75,2.98,3.20,2.95,3990,437,9.13,56.00%,07/02/20
GNUS,3.55,Call,6.50,07/10/20,8,0.20,0.23,0.25,0.25,2480,273,9.08,417.38%,07/02/20
AMZN,2890.3,Call,2970.00,07/10/20,8,13.50,18.03,22.55,18.28,915,101,9.06,27.55%,07/02/20
BDX,245.03,Call,270.00,07/17/20,15,0.60,0.7,0.80,0.70,1724,191,9.03,34.62%,07/02/20
ROKU,128.65,Call,133.00,07/10/20,8,2.30,2.43,2.57,2.49,2065,229,9.02,55.75%,07/02/20
NIO,9.38,Call,9.50,07/10/20,8,0.71,0.72,0.72,0.72,15449,1726,8.95,139.65%,07/02/20
AMZN,2890.3,Call,3000.00,07/10/20,8,12.10,12.45,12.80,12.65,10555,1182,8.93,28.16%,07/02/20
PCG,9.45,Call,11.50,07/31/20,29,0.30,0.34,0.38,0.32,889,100,8.89,88.42%,07/02/20
AAPL,364.11,Call,380.00,07/10/20,8,0.70,0.77,0.85,0.81,25868,2909,8.89,24.54%,07/02/20
ERIC,9.31,Put,10.00,10/16/20,106,1.05,1.25,1.45,1.17,6862,790,8.69,38.93%,07/02/20
LULU,304.77,Call,350.00,07/24/20,22,1.30,1.39,1.47,1.44,936,108,8.67,42.11%,07/02/20
VALE,10.41,Put,9.50,07/17/20,15,0.06,0.1,0.13,0.12,1287,150,8.58,53.73%,07/02/20
MSFT,206.26,Put,207.50,07/10/20,8,3.30,3.65,4.00,3.70,3739,436,8.58,25.19%,07/02/20
TSLA,1208.66,Call,1500.00,07/10/20,8,3.15,3.18,3.20,3.20,10210,1190,8.58,86.11%,07/02/20
AMZN,2890.3,Call,2920.00,07/10/20,8,32.00,34.43,36.85,32.30,1883,220,8.56,26.37%,07/02/20
AAPL,364.11,Put,370.00,07/10/20,8,6.30,7.38,8.45,8.04,4358,510,8.55,21.16%,07/02/20
BHC,18.34,Call,18.50,07/10/20,8,0.40,0.44,0.47,0.50,1691,198,8.54,52.77%,07/02/20
ETM,1.54,Call,2.00,12/18/20,169,0.55,0.58,0.60,0.54,2471,291,8.49,163.98%,07/02/20
GNUS,3.55,Put,3.50,07/17/20,15,1.15,1.2,1.25,1.25,4548,536,8.49,464.26%,07/02/20
GNUS,3.55,Call,6.00,07/10/20,8,0.20,0.25,0.30,0.30,1686,199,8.47,414.41%,07/02/20
AMZN,2890.3,Put,2880.00,07/10/20,8,38.70,41.1,43.50,40.80,964,114,8.46,27.11%,07/02/20
NIO,9.38,Call,11.00,07/17/20,15,0.64,0.66,0.67,0.66,14113,1684,8.38,160.28%,07/02/20
XERS,2.79,Call,2.50,01/15/21,197,1.00,1.25,1.50,1.40,1359,163,8.34,171.29%,07/02/20
TSLA,1208.66,Call,1380.00,07/10/20,8,6.50,6.93,7.35,7.35,1432,173,8.28,72.73%,07/02/20
NIO,9.38,Call,10.00,07/10/20,8,0.57,0.58,0.59,0.59,14599,1776,8.22,151.29%,07/02/20
WIX,272.85,Call,290.00,07/17/20,15,2.60,3.65,4.70,3.50,1236,153,8.08,42.75%,07/02/20
NVDA,384.49,Call,390.00,08/21/20,50,22.35,22.98,23.60,23.09,5185,645,8.04,44.50%,07/02/20
AMZN,2890.3,Call,2930.00,07/10/20,8,24.85,28.93,33.00,30.00,1759,219,8.03,27.27%,07/02/20
TSLA,1208.66,Call,1300.00,07/10/20,8,13.55,13.8,14.05,13.60,18946,2375,7.98,61.15%,07/02/20
ROKU,128.65,Call,131.00,07/10/20,8,3.05,3.18,3.30,3.20,1704,214,7.96,55.52%,07/02/20
LYFT,31.82,Put,30.50,07/10/20,8,0.46,0.51,0.55,0.54,831,105,7.91,58.54%,07/02/20
BABA,223.6,Call,230.00,07/10/20,8,1.29,1.35,1.40,1.33,11361,1437,7.91,27.30%,07/02/20
STX,47.34,Call,51.00,07/17/20,15,0.12,0.2,0.27,0.26,802,102,7.86,34.65%,07/02/20
DKNG,33.06,Put,28.00,07/17/20,15,0.60,0.65,0.70,0.65,1321,169,7.82,96.50%,07/02/20
MRNA,58.57,Call,60.00,07/10/20,8,2.90,3,3.10,3.04,2889,372,7.77,105.88%,07/02/20
T,30.08,Put,27.50,07/24/20,22,0.25,0.28,0.30,0.25,3072,400,7.68,38.78%,07/02/20
TSLA,1208.66,Call,1280.00,07/10/20,8,16.30,16.65,17.00,16.43,4237,553,7.66,58.40%,07/02/20
WSM,83.2,Call,85.00,08/21/20,50,3.90,4.1,4.30,4.11,999,131,7.63,39.40%,07/02/20
AMZN,2890.3,Call,2960.00,07/10/20,8,18.00,20.95,23.90,23.65,1357,178,7.62,29.41%,07/02/20
JD,61.39,Put,61.00,07/10/20,8,0.95,1.02,1.08,0.97,1324,174,7.61,32.19%,07/02/20
DOCU,190.99,Put,175.00,08/21/20,50,7.30,8.15,9.00,8.48,882,116,7.6,56.74%,07/02/20
GNUS,3.55,Call,5.50,07/10/20,8,0.25,0.3,0.35,0.30,1228,162,7.58,378.04%,07/02/20
GM,25.24,Call,27.00,07/31/20,29,0.70,0.73,0.76,0.74,2160,286,7.55,49.21%,07/02/20
BYND,140.72,Put,141.00,07/10/20,8,5.10,5.45,5.80,5.31,924,123,7.51,62.43%,07/02/20
BYND,140.72,Call,115.00,07/10/20,8,23.90,25.73,27.55,25.85,1674,224,7.47,66.72%,07/02/20
ROKU,128.65,Call,140.00,07/10/20,8,1.02,1.03,1.04,1.05,17021,2288,7.44,59.12%,07/02/20
ROKU,128.65,Call,133.00,07/17/20,15,4.55,4.68,4.80,4.65,859,116,7.41,62.12%,07/02/20
TSLA,1208.66,Call,1480.00,07/10/20,8,3.55,3.65,3.75,3.60,734,100,7.34,83.86%,07/02/20
MRNA,58.57,Call,58.00,07/10/20,8,3.50,3.7,3.90,3.88,877,120,7.31,104.06%,07/02/20
JPM,92.66,Call,98.00,07/10/20,8,0.25,0.28,0.31,0.26,7271,1009,7.21,31.79%,07/02/20
LFC,10.91,Call,7.50,07/17/20,15,3.30,3.4,3.50,3.40,1200,167,7.19,0.00%,07/02/20
KHC,31.81,Call,32.50,07/31/20,29,0.76,0.95,1.13,0.90,3515,489,7.19,33.17%,07/02/20
NIO,9.38,Call,12.00,07/10/20,8,0.24,0.26,0.27,0.26,5049,702,7.19,177.38%,07/02/20
MSFT,206.26,Put,207.50,07/17/20,15,4.35,4.93,5.50,4.90,1752,247,7.09,25.82%,07/02/20
TSLA,1208.66,Call,1240.00,07/10/20,8,25.50,25.55,25.60,25.60,9608,1356,7.09,54.16%,07/02/20
SPOT,271.49,Call,280.00,07/10/20,8,5.50,5.55,5.60,5.50,2245,318,7.06,55.89%,07/02/20
PCG,9.45,Put,8.00,12/18/20,169,1.05,1.15,1.25,1.15,2094,298,7.03,77.42%,07/02/20
BWA,35.19,Call,42.50,08/21/20,50,0.40,0.68,0.95,0.45,1145,163,7.02,45.91%,07/02/20
HALO,28.51,Call,28.00,07/17/20,15,1.15,1.17,1.20,1.20,1193,170,7.02,39.97%,07/02/20
ET,7.04,Put,7.00,07/10/20,8,0.10,0.12,0.13,0.11,7460,1063,7.02,31.36%,07/02/20
LULU,304.77,Call,360.00,07/24/20,22,0.95,0.99,1.03,0.95,754,108,6.98,43.81%,07/02/20
PDD,93,Call,100.00,07/17/20,15,2.09,2.33,2.57,2.10,4550,658,6.91,61.49%,07/02/20
AMZN,2890.3,Put,2840.00,07/10/20,8,20.80,23.4,26.00,23.79,794,115,6.9,26.49%,07/02/20
BPY,11.39,Put,12.50,09/18/20,78,1.95,2.1,2.25,2.05,2349,341,6.89,66.30%,07/02/20
MOS,12.85,Call,30.00,01/21/22,568,0.00,0.37,0.73,0.45,793,118,6.72,48.48%,07/02/20
SQ,113.39,Call,120.00,07/10/20,8,1.07,1.12,1.17,1.08,6019,899,6.7,49.41%,07/02/20
INTC,59.13,Call,59.50,07/10/20,8,0.68,0.74,0.80,0.71,3269,491,6.66,24.97%,07/02/20
KHC,31.81,Put,31.00,07/24/20,22,0.28,0.56,0.84,0.54,723,109,6.63,29.18%,07/02/20
AMZN,2890.3,Call,3100.00,07/10/20,8,4.00,4.35,4.70,4.40,2717,410,6.63,31.95%,07/02/20
PYPL,177.21,Put,180.00,07/17/20,15,5.80,5.93,6.05,6.00,1459,222,6.57,31.39%,07/02/20
VIAC,23.25,Call,27.00,07/31/20,29,0.10,0.5,0.90,0.69,1610,245,6.57,72.16%,07/02/20
ROKU,128.65,Put,127.00,07/10/20,8,3.20,3.3,3.40,3.15,1727,263,6.57,52.17%,07/02/20
ZM,261.74,Call,275.00,07/10/20,8,1.60,1.75,1.90,1.79,1753,267,6.57,39.80%,07/02/20
NFLX,476.89,Put,480.00,07/10/20,8,10.30,10.78,11.25,10.75,2271,346,6.56,32.55%,07/02/20
ROKU,128.65,Put,120.00,07/10/20,8,1.00,1.05,1.10,1.05,3227,492,6.56,54.11%,07/02/20
TSLA,1208.66,Call,1220.00,07/10/20,8,31.55,32.1,32.65,32.50,7786,1192,6.53,52.62%,07/02/20
AMZN,2890.3,Call,2700.00,07/17/20,15,191.00,199.83,208.65,203.72,8294,1271,6.53,30.70%,07/02/20
NIO,9.38,Call,10.00,08/07/20,36,1.29,1.36,1.43,1.40,860,132,6.52,140.11%,07/02/20
SOLO,3.13,Call,5.00,07/17/20,15,0.30,0.32,0.35,0.35,24750,3804,6.51,322.91%,07/02/20
MU,49.83,Put,49.50,07/10/20,8,0.81,0.84,0.86,0.87,796,124,6.42,35.25%,07/02/20
C,50.55,Put,51.00,07/10/20,8,1.40,1.44,1.48,1.49,1278,199,6.42,42.07%,07/02/20
ON,19.18,Call,21.00,01/15/21,197,2.40,2.53,2.65,2.50,1166,182,6.41,56.06%,07/02/20
AMZN,2890.3,Put,2600.00,09/18/20,78,67.00,70.23,73.45,68.87,1659,260,6.38,35.69%,07/02/20
PTON,59.16,Put,35.00,10/16/20,106,0.85,0.88,0.90,0.90,10443,1638,6.38,77.21%,07/02/20
TSLA,1208.66,Call,1260.00,07/10/20,8,20.45,20.48,20.50,20.50,11209,1771,6.33,56.33%,07/02/20
DBX,21.65,Put,21.50,07/17/20,15,0.36,0.51,0.65,0.53,1258,199,6.32,34.85%,07/02/20
PCG,9.45,Call,10.00,07/24/20,22,0.40,0.48,0.56,0.47,1603,254,6.31,74.49%,07/02/20
ASNA,1.25,Put,1.00,08/21/20,50,0.20,0.23,0.25,0.25,2267,359,6.31,225.48%,07/02/20
BA,180.81,Call,305.00,12/18/20,169,4.40,5.25,6.10,5.80,1021,162,6.3,64.00%,07/02/20
INTC,59.13,Call,60.00,07/10/20,8,0.50,0.54,0.58,0.52,22983,3647,6.3,25.05%,07/02/20
CVNA,128.53,Call,135.00,07/10/20,8,1.62,2.46,3.30,2.50,722,115,6.28,65.33%,07/02/20
TSLA,1208.66,Put,1240.00,07/10/20,8,53.60,56.7,59.80,56.92,746,119,6.27,54.69%,07/02/20
SBSW,8.76,Put,5.00,01/15/21,197,0.30,0.35,0.40,0.40,916,146,6.27,85.52%,07/02/20
CCL,15.88,Put,5.00,09/18/20,78,0.07,0.15,0.22,0.16,1024,164,6.24,160.59%,07/02/20
AMZN,2890.3,Call,2890.00,07/10/20,8,43.00,45.5,48.00,45.00,1476,237,6.23,26.01%,07/02/20
DKNG,33.06,Call,34.50,07/10/20,8,0.90,0.95,1.00,0.98,2068,332,6.23,79.95%,07/02/20
HUM,391.89,Call,395.00,07/10/20,8,3.90,4.85,5.80,5.51,659,106,6.22,29.70%,07/02/20
REV,10.2,Call,12.50,07/17/20,15,0.75,0.78,0.80,0.75,807,130,6.21,181.33%,07/02/20
PLUG,9.1,Put,10.00,07/10/20,8,1.00,1.13,1.25,1.24,1223,197,6.21,124.81%,07/02/20
CZR,12.3,Put,15.00,01/21/22,568,3.60,3.83,4.05,3.77,3373,543,6.21,36.18%,07/02/20
FSLY,84.51,Put,57.00,07/17/20,15,0.15,0.2,0.25,0.20,617,100,6.17,106.60%,07/02/20
AAPL,364.11,Put,375.00,07/10/20,8,9.70,11.85,14.00,12.24,1295,212,6.11,23.65%,07/02/20
XOM,44.08,Call,45.00,07/10/20,8,0.42,0.44,0.45,0.45,5665,935,6.06,31.37%,07/02/20
WORK,30.31,Put,30.00,09/18/20,78,3.20,3.28,3.35,3.20,1932,321,6.02,61.38%,07/02/20
MRNA,58.57,Call,61.00,07/10/20,8,2.30,2.47,2.65,2.87,1362,227,6,112.29%,07/02/20
ARCC,14.48,Call,17.00,08/21/20,50,0.10,0.13,0.15,0.15,818,137,5.97,38.55%,07/02/20
TWLO,232.35,Call,235.00,07/10/20,8,4.85,5.07,5.30,5.10,632,106,5.96,45.70%,07/02/20
TUP,5.59,Call,7.50,08/21/20,50,0.55,0.65,0.75,0.58,2444,411,5.95,138.83%,07/02/20
PCG,9.45,Call,10.50,07/31/20,29,0.50,0.56,0.62,0.50,1686,286,5.9,83.06%,07/02/20
UPS,114.36,Call,115.00,07/24/20,22,2.80,3.05,3.30,3.10,842,143,5.89,29.97%,07/02/20
ROKU,128.65,Put,128.00,07/10/20,8,3.60,3.75,3.90,3.70,859,146,5.88,53.27%,07/02/20
ROKU,128.65,Call,145.00,07/10/20,8,0.52,0.57,0.61,0.56,3000,510,5.88,61.70%,07/02/20
PCG,9.45,Call,9.00,07/31/20,29,1.01,1.06,1.10,1.05,822,143,5.75,77.22%,07/02/20
WGO,65.96,Put,15.00,01/15/21,197,0.40,0.45,0.50,0.40,611,107,5.71,115.65%,07/02/20
DKNG,33.06,Call,33.50,07/10/20,8,1.30,1.38,1.45,1.35,872,153,5.7,79.19%,07/02/20
AMZN,2890.3,Put,2500.00,09/18/20,78,45.00,49.9,54.80,48.74,1745,306,5.7,36.94%,07/02/20
BABA,223.6,Put,225.00,06/18/21,351,26.15,27.08,28.00,26.50,2074,364,5.7,31.48%,07/02/20
NIO,9.38,Put,8.00,07/10/20,8,0.15,0.16,0.18,0.15,6976,1225,5.69,118.57%,07/02/20
FOLD,15.55,Call,20.00,01/15/21,197,1.05,1.35,1.65,1.50,3316,584,5.68,62.54%,07/02/20
MRNA,58.57,Call,65.00,07/10/20,8,1.35,1.45,1.55,1.45,3784,667,5.67,105.23%,07/02/20
BA,180.81,Call,202.50,07/10/20,8,1.24,1.29,1.33,1.28,3040,537,5.66,68.27%,07/02/20
AMZN,2890.3,Call,2900.00,07/10/20,8,39.95,43.23,46.50,41.65,5684,1004,5.66,26.86%,07/02/20
MSFT,206.26,Call,212.50,07/10/20,8,0.66,0.73,0.80,1.70,11002,1947,5.65,32.86%,07/02/20
BABA,223.6,Call,230.00,11/20/20,141,14.50,15.08,15.65,15.15,2122,376,5.64,31.43%,07/02/20
MS,47.79,Put,50.00,08/21/20,50,4.20,4.25,4.30,4.20,2505,446,5.62,42.02%,07/02/20
TSLA,1208.66,Call,1440.00,07/10/20,8,4.50,4.65,4.80,4.85,957,171,5.6,80.08%,07/02/20
TSLA,1208.66,Put,1075.00,07/17/20,15,12.90,13.13,13.35,13.65,1101,197,5.59,62.39%,07/02/20
INO,21.45,Call,22.00,07/10/20,8,1.50,1.58,1.65,1.55,3502,627,5.59,141.24%,07/02/20
GOOGL,1469.93,Call,1510.00,07/10/20,8,5.70,6.55,7.40,6.80,826,148,5.58,23.75%,07/02/20
SNAP,23.22,Call,22.00,07/10/20,8,1.33,1.38,1.43,1.35,3230,579,5.58,39.17%,07/02/20
BMY,59.14,Put,56.00,07/10/20,8,0.22,0.26,0.30,0.24,763,137,5.57,35.93%,07/02/20
TSLA,1208.66,Call,1360.00,07/10/20,8,7.85,8.33,8.80,8.20,3064,550,5.57,69.27%,07/02/20
BA,180.81,Call,315.00,12/18/20,169,5.00,5.2,5.40,5.10,1000,180,5.56,64.16%,07/02/20
AMZN,2890.3,Call,2920.00,07/17/20,15,52.00,54.73,57.45,52.11,1557,280,5.56,27.74%,07/02/20
TSLA,1208.66,Put,1100.00,07/17/20,15,17.20,17.5,17.80,17.50,2224,401,5.55,60.06%,07/02/20
FLXN,13.26,Call,12.50,07/17/20,15,1.15,1.25,1.35,1.20,1085,198,5.48,72.60%,07/02/20
NEM,60.96,Call,61.50,07/10/20,8,1.01,1.1,1.19,1.10,566,104,5.44,37.18%,07/02/20
M,6.8,Put,10.00,11/20/20,141,2.13,4.09,6.05,4.25,1015,188,5.4,117.11%,07/02/20
TSLA,1208.66,Put,1130.00,07/10/20,8,10.70,11,11.30,11.10,1064,197,5.4,55.54%,07/02/20
NVDA,384.49,Call,405.00,07/10/20,8,1.18,1.32,1.46,1.22,1350,250,5.4,31.31%,07/02/20
AMZN,2890.3,Call,2960.00,07/17/20,15,37.95,40.68,43.40,39.65,1218,226,5.39,28.89%,07/02/20
VIVO,23.79,Call,25.00,07/17/20,15,0.50,0.88,1.25,0.75,1060,198,5.35,63.86%,07/02/20
V,195.67,Call,205.00,07/10/20,8,0.20,0.27,0.33,0.27,3389,635,5.34,22.92%,07/02/20
ROKU,128.65,Call,160.00,07/10/20,8,0.14,0.26,0.38,0.15,2277,429,5.31,75.02%,07/02/20
MSFT,206.26,Put,205.00,07/10/20,8,2.18,2.37,2.55,2.46,7477,1420,5.27,25.34%,07/02/20
C,50.55,Call,49.00,07/10/20,8,2.11,2.15,2.18,2.10,671,128,5.24,39.20%,07/02/20
AMZN,2890.3,Call,2990.00,07/10/20,8,12.50,14.95,17.40,14.66,752,144,5.22,28.23%,07/02/20
GNUS,3.55,Call,4.00,07/31/20,29,0.55,0.7,0.85,0.65,656,126,5.21,204.40%,07/02/20
NIO,9.38,Put,8.00,07/17/20,15,0.37,0.39,0.41,0.40,3689,709,5.2,133.55%,07/02/20
UPS,114.36,Call,116.00,07/24/20,22,2.13,2.37,2.61,2.39,1422,275,5.17,27.49%,07/02/20
SQ,113.39,Put,115.00,07/10/20,8,3.95,4.05,4.15,3.95,1094,212,5.16,45.97%,07/02/20
ROST,88.58,Call,100.00,08/21/20,50,1.90,2.1,2.30,2.10,1041,202,5.15,44.32%,07/02/20
BMY,59.14,Put,60.00,08/21/20,50,3.00,3.15,3.30,3.15,8041,1562,5.15,31.46%,07/02/20
BABA,223.6,Call,227.50,07/10/20,8,1.71,1.91,2.10,2.00,3953,769,5.14,26.99%,07/02/20
SPOT,271.49,Call,290.00,07/10/20,8,3.00,3.2,3.40,3.30,964,188,5.13,59.77%,07/02/20
BA,180.81,Put,175.00,07/10/20,8,3.30,3.43,3.55,3.48,4324,844,5.12,56.74%,07/02/20
ENDP,3.49,Call,3.50,07/10/20,8,0.25,0.28,0.30,0.27,1057,207,5.11,133.18%,07/02/20
WBA,41.98,Put,41.50,07/10/20,8,0.81,0.97,1.13,1.10,571,112,5.1,54.05%,07/02/20
UPS,114.36,Call,121.00,07/10/20,8,0.12,0.16,0.21,0.18,580,114,5.09,27.35%,07/02/20
TSLA,1208.66,Call,1420.00,07/10/20,8,4.85,5.18,5.50,5.50,1699,335,5.07,77.56%,07/02/20
AMZN,2890.3,Call,2980.00,07/10/20,8,14.40,16.23,18.05,15.90,1225,242,5.06,27.53%,07/02/20
SOLO,3.13,Call,7.50,08/21/20,50,0.45,0.53,0.60,0.49,1155,229,5.04,273.77%,07/02/20
HALO,28.51,Call,30.00,07/17/20,15,0.35,0.38,0.40,0.35,1490,296,5.03,38.12%,07/02/20
LRCX,323.7,Call,330.00,07/10/20,8,4.50,5.85,7.20,5.95,904,180,5.02,45.08%,07/02/20
GNUS,3.55,Call,4.00,08/21/20,50,0.65,0.68,0.70,0.69,3342,666,5.02,163.14%,07/02/20
SDC,8.1,Put,5.00,01/15/21,197,0.75,0.91,1.07,0.84,1482,296,5.01,111.52%,07/02/20
OKTA,207.76,Call,195.00,09/18/20,78,23.90,25.08,26.25,26.78,605,121,5,52.39%,07/02/20
SQ,113.39,Call,125.00,07/31/20,29,2.17,2.47,2.77,2.68,503,101,4.98,52.06%,07/02/20
CHNG,10.85,Call,10.00,08/21/20,50,1.40,1.51,1.61,1.47,552,111,4.97,63.52%,07/02/20
SOLO,3.13,Call,5.00,08/21/20,50,0.70,0.77,0.85,0.80,3783,763,4.96,275.82%,07/02/20
FB,233.42,Put,230.00,07/10/20,8,3.15,3.25,3.35,3.20,10035,2030,4.94,34.67%,07/02/20
TTD,442.93,Put,450.00,11/20/20,141,75.00,76.75,78.50,76.50,980,199,4.92,67.69%,07/02/20
NVDA,384.49,Call,420.00,07/10/20,8,0.28,0.35,0.41,0.36,1452,297,4.89,34.60%,07/02/20
TSLA,1208.66,Put,1110.00,07/10/20,8,8.20,8.43,8.65,8.20,1450,297,4.88,57.63%,07/02/20
AMD,52.34,Put,56.00,07/17/20,15,4.25,4.33,4.40,4.18,874,180,4.86,41.58%,07/02/20
NIO,9.38,Call,12.00,07/17/20,15,0.51,0.52,0.52,0.50,9930,2043,4.86,169.01%,07/02/20
ERIC,9.31,Put,8.00,08/21/20,50,0.10,0.13,0.15,0.15,10336,2126,4.86,46.41%,07/02/20
PCG,9.45,Call,10.50,07/24/20,22,0.33,0.39,0.45,1.34,611,126,4.85,187.48%,07/02/20
BABA,223.6,Call,225.00,07/10/20,8,2.85,2.95,3.05,2.86,14576,3003,4.85,26.31%,07/02/20
FSLY,84.51,Put,77.00,07/10/20,8,0.75,1.03,1.30,1.10,629,130,4.84,77.95%,07/02/20
NIO,9.38,Call,9.50,07/31/20,29,1.33,1.41,1.48,1.50,1045,216,4.84,147.53%,07/02/20
GOOG,1464.7,Call,1470.00,07/10/20,8,14.30,16.3,18.30,17.48,807,167,4.83,22.86%,07/02/20
NVDA,384.49,Call,390.00,07/10/20,8,4.50,4.73,4.95,4.75,4206,870,4.83,31.15%,07/02/20
TSLA,1208.66,Put,1120.00,07/10/20,8,9.55,9.68,9.80,9.80,1664,345,4.82,57.14%,07/02/20
JD,61.39,Call,63.00,07/10/20,8,0.52,0.54,0.56,0.54,617,129,4.78,31.77%,07/02/20
MRNA,58.57,Put,58.00,07/10/20,8,3.00,3.15,3.30,3.19,1473,309,4.77,101.09%,07/02/20
TTWO,144.4,Call,150.00,07/10/20,8,0.70,0.85,1.00,0.75,922,195,4.73,30.51%,07/02/20
MPC,36.07,Put,37.50,08/21/20,50,4.30,4.43,4.55,4.25,1231,260,4.73,65.23%,07/02/20
AMZN,2890.3,Call,3050.00,07/10/20,8,6.90,7.4,7.90,7.38,2095,445,4.71,30.05%,07/02/20
BABA,223.6,Put,217.50,07/10/20,8,1.38,1.42,1.47,1.41,1688,359,4.7,28.46%,07/02/20
BABA,223.6,Call,237.50,07/17/20,15,1.15,1.28,1.40,1.25,769,164,4.69,30.37%,07/02/20
RCL,49.51,Call,50.00,07/10/20,8,2.18,2.24,2.30,2.23,1253,267,4.69,83.78%,07/02/20
TSLA,1208.66,Call,1180.00,07/10/20,8,50.55,52.4,54.25,51.65,1369,292,4.69,49.99%,07/02/20
T,30.08,Call,31.50,07/24/20,22,0.24,0.28,0.31,0.30,3193,682,4.68,27.01%,07/02/20
SHOP,1029.97,Call,1050.00,07/10/20,8,21.90,22.2,22.50,22.35,690,149,4.63,50.84%,07/02/20
PFE,34.51,Call,36.50,07/10/20,8,0.10,0.13,0.15,0.11,3833,827,4.63,33.04%,07/02/20
PFE,34.51,Call,38.00,08/21/20,50,0.31,0.32,0.33,0.32,5617,1218,4.61,26.58%,07/02/20
PLUG,9.1,Call,12.00,08/21/20,50,0.74,0.75,0.75,0.75,1921,418,4.6,120.10%,07/02/20
ROKU,128.65,Call,134.00,07/10/20,8,2.14,2.31,2.48,2.20,1237,270,4.58,56.09%,07/02/20
GNUS,3.55,Call,4.50,07/17/20,15,0.40,0.45,0.50,0.45,1506,330,4.56,262.42%,07/02/20
KSS,20.58,Call,24.00,07/24/20,22,0.33,0.41,0.49,0.38,501,110,4.55,69.32%,07/02/20
AAPL,364.11,Put,400.00,12/18/20,169,51.35,52.18,53.00,51.00,1500,330,4.55,30.68%,07/02/20
MRO,6.12,Call,8.00,01/15/21,197,0.77,0.8,0.84,0.80,20114,4425,4.55,76.24%,07/02/20
TSLA,1208.66,Call,1340.00,07/17/20,15,17.55,18.35,19.15,18.30,2975,655,4.54,61.51%,07/02/20
ROKU,128.65,Call,155.00,07/10/20,8,0.20,0.29,0.38,0.22,761,168,4.53,70.52%,07/02/20
DOCU,190.99,Call,190.00,07/10/20,8,5.45,6.95,8.45,6.72,1383,305,4.53,54.96%,07/02/20
AMZN,2890.3,Call,3300.00,07/17/20,15,3.50,3.75,4.00,3.50,1431,316,4.53,36.70%,07/02/20
GOLD,26.27,Put,26.50,07/10/20,8,0.67,0.72,0.76,0.63,683,151,4.52,32.83%,07/02/20
TWTR,30.87,Put,31.50,07/10/20,8,1.05,1.1,1.14,1.06,685,152,4.51,38.40%,07/02/20
GM,25.24,Call,25.00,08/21/20,50,2.00,2.04,2.07,2.08,1059,236,4.49,52.22%,07/02/20
AKAM,113.12,Call,115.00,01/21/22,568,16.40,16.9,17.40,17.00,5434,1214,4.48,29.87%,07/02/20
BIIB,265.12,Call,280.00,07/10/20,8,0.85,1.13,1.40,1.30,786,176,4.47,37.36%,07/02/20
PCG,9.45,Call,10.00,10/16/20,106,1.15,1.31,1.47,1.36,789,177,4.46,77.33%,07/02/20
AMZN,2890.3,Put,2790.00,07/10/20,8,11.00,11.88,12.75,12.25,552,124,4.45,27.59%,07/02/20
BABA,223.6,Call,222.50,07/10/20,8,3.90,4.05,4.20,4.10,4332,973,4.45,26.45%,07/02/20
WMT,119.21,Put,116.00,07/17/20,15,0.53,0.61,0.68,0.70,1265,285,4.44,20.06%,07/02/20
TSLA,1208.66,Call,770.00,01/15/21,197,491.60,496.48,501.35,500.43,553,125,4.42,73.47%,07/02/20
NVDA,384.49,Call,387.50,07/10/20,8,5.25,5.98,6.70,5.75,1177,267,4.41,31.16%,07/02/20
NIO,9.38,Call,9.00,07/10/20,8,0.92,0.94,0.95,0.92,23090,5234,4.41,131.47%,07/02/20
SBSW,8.76,Call,10.00,01/15/21,197,1.50,1.53,1.55,1.55,7321,1663,4.4,77.09%,07/02/20
DKNG,33.06,Put,34.50,07/10/20,8,2.35,2.45,2.55,2.41,532,122,4.36,79.99%,07/02/20
GNUS,3.55,Put,1.50,07/17/20,15,0.10,0.13,0.15,0.15,545,126,4.33,419.16%,07/02/20
PENN,30.93,Call,33.00,07/10/20,8,0.59,0.77,0.95,0.62,1535,355,4.32,75.20%,07/02/20
TSLA,1208.66,Call,1230.00,07/17/20,15,45.35,46.88,48.40,47.17,768,178,4.31,57.74%,07/02/20
PCG,9.45,Call,15.00,08/21/20,50,0.15,0.19,0.22,0.17,1526,354,4.31,92.92%,07/02/20
INTC,59.13,Put,58.50,07/17/20,15,1.03,1.09,1.14,1.10,1505,351,4.29,29.60%,07/02/20
BP,23.41,Put,22.50,07/17/20,15,0.34,0.36,0.37,0.36,708,166,4.27,39.39%,07/02/20
SPOT,271.49,Call,285.00,07/10/20,8,4.10,4.3,4.50,4.34,773,181,4.27,58.42%,07/02/20
TSLA,1208.66,Put,1100.00,07/10/20,8,7.00,7.25,7.50,7.01,7740,1818,4.26,58.62%,07/02/20
GOOGL,1469.93,Call,1460.00,07/10/20,8,23.60,25.35,27.10,24.87,570,134,4.25,22.23%,07/02/20
NIO,9.38,Call,10.50,07/10/20,8,0.44,0.45,0.46,0.45,8492,2000,4.25,153.88%,07/02/20
ZM,261.74,Call,270.00,07/10/20,8,2.80,2.95,3.10,2.92,2305,544,4.24,39.27%,07/02/20
FB,233.42,Put,235.00,07/10/20,8,5.25,5.45,5.65,5.50,7539,1779,4.24,34.05%,07/02/20
T,30.08,Put,28.00,07/31/20,29,0.43,0.46,0.50,0.39,2679,633,4.23,35.28%,07/02/20
LOW,135.71,Call,150.00,07/24/20,22,0.04,0.16,0.28,0.17,1187,281,4.22,24.30%,07/02/20
TSLA,1208.66,Call,1600.00,08/21/20,50,30.05,31.65,33.25,31.95,1397,331,4.22,75.18%,07/02/20
BPY,11.39,Put,10.00,09/18/20,78,0.65,0.7,0.75,0.69,3698,879,4.21,65.15%,07/02/20
NIO,9.38,Put,8.50,07/17/20,15,0.58,0.6,0.61,0.61,1118,267,4.19,137.55%,07/02/20
DIS,112.18,Put,113.00,07/10/20,8,2.55,2.63,2.71,2.66,1736,417,4.16,33.78%,07/02/20
PINS,24.11,Call,26.00,07/10/20,8,0.16,0.18,0.20,0.17,1051,254,4.14,52.23%,07/02/20
SPLK,199.91,Put,190.00,09/18/20,78,11.95,12.48,13.00,12.75,556,135,4.12,48.85%,07/02/20
TSLA,1208.66,Put,1000.00,07/10/20,8,3.05,3.08,3.10,3.08,5819,1416,4.11,80.43%,07/02/20
NIO,9.38,Call,13.00,08/21/20,50,1.00,1.04,1.07,1.05,1393,340,4.1,150.90%,07/02/20
MLCO,16.58,Call,18.00,07/17/20,15,0.15,0.22,0.30,0.30,1109,271,4.09,58.65%,07/02/20
GOOGL,1469.93,Call,1480.00,07/10/20,8,13.90,15.15,16.40,15.60,1138,278,4.09,23.01%,07/02/20
PLAY,12.74,Call,25.00,01/21/22,568,3.00,3.5,4.00,4.20,1032,253,4.08,106.26%,07/02/20
TSLA,1208.66,Put,1065.00,07/10/20,8,5.00,5.13,5.25,5.20,611,150,4.07,66.48%,07/02/20
AMZN,2890.3,Call,3200.00,07/10/20,8,2.15,2.38,2.60,2.25,1880,462,4.07,37.51%,07/02/20
KHC,31.81,Call,35.00,07/31/20,29,0.17,0.24,0.30,0.28,2371,583,4.07,34.28%,07/02/20
MRNA,58.57,Put,56.00,07/10/20,8,2.25,2.45,2.65,2.37,763,188,4.06,103.97%,07/02/20
GOOG,1464.7,Call,1480.00,07/10/20,8,9.50,11.8,14.10,12.80,803,198,4.06,22.22%,07/02/20
JNJ,140.97,Call,141.00,07/10/20,8,1.03,1.24,1.45,1.17,549,136,4.04,13.97%,07/02/20
SOLO,3.13,Call,7.50,07/17/20,15,0.20,0.23,0.25,0.20,4073,1009,4.04,365.00%,07/02/20
TSLA,1208.66,Put,1020.00,07/10/20,8,3.40,3.65,3.90,3.44,1434,356,4.03,75.40%,07/02/20
CRWD,107.27,Call,103.00,07/17/20,15,7.15,7.73,8.30,7.50,742,185,4.01,59.36%,07/02/20
HOLI,13.14,Put,12.50,08/21/20,50,0.40,0.55,0.70,0.45,1526,381,4.01,38.90%,07/02/20
CCL,15.88,Put,18.00,07/17/20,15,2.62,2.68,2.74,2.71,1255,315,3.98,103.39%,07/02/20
CZR,12.3,Put,10.00,01/21/22,568,1.02,1.19,1.35,1.21,5022,1263,3.98,41.57%,07/02/20
FB,233.42,Put,185.00,07/31/20,29,0.78,0.91,1.03,1.00,649,164,3.96,55.96%,07/02/20
W,214.1,Call,220.00,07/10/20,8,4.80,5.05,5.30,4.90,848,214,3.96,58.19%,07/02/20
QCOM,91.87,Call,110.00,08/21/20,50,0.52,0.57,0.61,0.53,1929,487,3.96,35.47%,07/02/20
AMZN,2890.3,Call,3250.00,07/10/20,8,1.00,1.74,2.47,2.03,707,179,3.95,41.40%,07/02/20
CAR,25.92,Put,26.00,07/17/20,15,2.00,2.13,2.25,2.05,872,221,3.95,96.27%,07/02/20
GM,25.24,Call,26.00,07/24/20,22,0.77,0.82,0.87,0.83,1112,282,3.94,46.35%,07/02/20
KHC,31.81,Call,32.50,07/24/20,22,0.51,0.57,0.62,0.54,1006,256,3.93,26.35%,07/02/20
COF,61.15,Put,62.50,08/21/20,50,5.70,5.8,5.90,5.80,682,176,3.88,56.72%,07/02/20
ROKU,128.65,Put,130.00,07/10/20,8,4.80,4.9,5.00,4.80,872,225,3.88,53.86%,07/02/20
UPS,114.36,Call,120.00,07/31/20,29,2.11,2.29,2.47,2.30,1403,362,3.88,34.42%,07/02/20
PCG,9.45,Call,10.00,07/31/20,29,0.65,0.7,0.74,0.70,4133,1065,3.88,86.70%,07/02/20
NFLX,476.89,Put,485.00,07/10/20,8,13.40,14.05,14.70,14.15,758,196,3.87,33.99%,07/02/20
MRNA,58.57,Call,62.00,07/10/20,8,2.05,2.22,2.40,2.28,1375,355,3.87,105.21%,07/02/20
INO,21.45,Call,23.00,07/10/20,8,1.16,1.19,1.22,1.22,2444,631,3.87,144.50%,07/02/20
PYPL,177.21,Call,185.00,07/10/20,8,0.61,0.66,0.71,0.62,793,206,3.85,28.47%,07/02/20
TSLA,1208.66,Call,1210.00,07/17/20,15,54.00,55.4,56.80,55.50,1816,472,3.85,57.12%,07/02/20
LLNW,7.78,Call,9.00,08/21/20,50,0.65,0.73,0.80,0.80,3884,1010,3.85,107.11%,07/02/20
TSLA,1208.66,Put,1150.00,07/17/20,15,30.00,30.78,31.55,31.32,580,151,3.84,58.84%,07/02/20
NIO,9.38,Call,14.00,08/21/20,50,0.90,0.91,0.92,0.92,645,169,3.82,154.59%,07/02/20
JPM,92.66,Call,80.00,07/17/20,15,12.65,12.85,13.05,12.76,1119,293,3.82,36.29%,07/02/20
ADBE,442.95,Call,460.00,07/10/20,8,0.81,1.16,1.50,1.00,978,257,3.81,22.62%,07/02/20
SSRM,20.59,Call,25.00,12/18/20,169,1.65,1.73,1.80,1.75,2947,774,3.81,56.75%,07/02/20
LYFT,31.82,Call,35.00,07/10/20,8,0.13,0.16,0.18,0.18,999,263,3.8,56.64%,07/02/20
BABA,223.6,Call,232.50,07/10/20,8,0.81,0.91,1.00,0.86,2020,531,3.8,27.64%,07/02/20
BIDU,123.3,Call,128.00,07/10/20,8,0.46,0.61,0.75,0.69,527,139,3.79,31.13%,07/02/20
NFLX,476.89,Put,475.00,07/10/20,8,7.30,7.9,8.50,8.25,1333,352,3.79,32.86%,07/02/20
NIO,9.38,Call,12.00,08/21/20,50,1.15,1.19,1.22,1.17,1716,454,3.78,143.96%,07/02/20
NFLX,476.89,Put,460.00,07/10/20,8,2.87,3.09,3.30,3.05,1971,522,3.78,33.10%,07/02/20
TWO,4.82,Call,7.00,08/21/20,50,0.05,0.1,0.15,0.10,766,203,3.77,83.60%,07/02/20
PCG,9.45,Put,9.00,07/31/20,29,0.47,0.59,0.70,0.65,522,139,3.76,83.21%,07/02/20
PCG,9.45,Call,9.50,07/24/20,22,0.62,0.71,0.79,0.65,592,158,3.75,72.40%,07/02/20
OSTK,33.43,Call,33.00,07/10/20,8,1.75,2.13,2.50,2.05,552,148,3.73,92.93%,07/02/20
FCX,11.5,Call,12.00,07/10/20,8,0.12,0.13,0.14,0.12,8137,2182,3.73,44.15%,07/02/20
QCOM,91.87,Put,86.00,07/17/20,15,0.67,0.73,0.79,0.82,1048,283,3.7,39.74%,07/02/20
GNUS,3.55,Call,5.00,08/21/20,50,0.50,0.53,0.55,0.55,1159,313,3.7,183.91%,07/02/20
SNAP,23.22,Call,21.00,07/10/20,8,2.21,2.28,2.34,2.25,8766,2372,3.7,39.88%,07/02/20
MSFT,206.26,Call,205.00,08/21/20,50,8.75,9.5,10.25,9.80,4338,1175,3.69,29.50%,07/02/20
BA,180.81,Put,180.00,07/10/20,8,5.65,5.7,5.75,5.75,5270,1428,3.69,57.97%,07/02/20
MA,302.42,Put,300.00,07/10/20,8,3.05,3.25,3.45,3.35,532,145,3.67,25.28%,07/02/20
GOOGL,1469.93,Call,1440.00,07/10/20,8,36.60,39.3,42.00,41.93,697,190,3.67,27.59%,07/02/20
DIS,112.18,Put,114.00,07/10/20,8,2.93,3.12,3.30,3.07,1059,289,3.66,30.79%,07/02/20
AON,191.45,Call,210.00,08/21/20,50,1.75,1.95,2.15,2.20,515,141,3.65,28.07%,07/02/20
AMZN,2890.3,Put,2820.00,07/10/20,8,16.00,18.2,20.40,19.04,635,174,3.65,27.38%,07/02/20
MA,302.42,Put,170.00,08/21/20,50,0.00,0.14,0.28,2.05,800,220,3.64,99.43%,07/02/20
AAPL,364.11,Put,375.00,01/15/21,197,37.90,39,40.10,38.50,739,204,3.62,31.91%,07/02/20
TLRY,6.96,Call,7.00,07/10/20,8,0.26,0.28,0.30,0.28,1024,283,3.62,72.46%,07/02/20
WY,22.24,Call,23.00,01/21/22,568,4.50,5.15,5.80,4.53,640,178,3.6,42.31%,07/02/20
TWTR,30.87,Call,36.00,08/21/20,50,0.98,1.01,1.04,0.98,2944,818,3.6,57.31%,07/02/20
UPS,114.36,Call,125.00,08/21/20,50,1.55,1.67,1.79,1.80,5142,1430,3.6,31.22%,07/02/20
AMZN,2890.3,Call,2900.00,07/17/20,15,57.90,61.85,65.80,61.00,5530,1535,3.6,27.74%,07/02/20
BABA,223.6,Put,222.50,07/10/20,8,2.96,3.08,3.20,3.10,603,168,3.59,27.75%,07/02/20
AAPL,364.11,Call,390.00,12/18/20,169,18.90,20.15,21.40,19.15,3411,950,3.59,28.82%,07/02/20
AAPL,364.11,Put,365.00,07/10/20,8,4.95,5.38,5.80,5.20,9449,2629,3.59,22.31%,07/02/20
PENN,30.93,Put,30.00,07/10/20,8,0.20,0.67,1.15,1.12,1285,359,3.58,85.91%,07/02/20
COST,305.74,Call,300.00,07/10/20,8,5.50,6.98,8.45,6.00,1218,341,3.57,9.49%,07/02/20
INMD,28.07,Call,35.00,08/21/20,50,0.80,0.93,1.05,0.95,1180,331,3.56,71.63%,07/02/20
BMY,59.14,Call,60.00,07/10/20,8,0.53,0.6,0.66,0.62,5638,1584,3.56,27.97%,07/02/20
AMZN,2890.3,Call,3150.00,07/10/20,8,2.40,2.95,3.50,3.20,871,247,3.53,35.02%,07/02/20
TSLA,1208.66,Call,1700.00,07/10/20,8,0.71,0.78,0.86,0.85,1100,312,3.53,101.29%,07/02/20
COF,61.15,Put,60.00,08/21/20,50,4.40,4.55,4.70,4.65,1132,321,3.53,58.98%,07/02/20
PENN,30.93,Call,34.00,07/10/20,8,0.28,0.4,0.51,0.45,1155,327,3.53,78.98%,07/02/20
FB,233.42,Call,250.00,07/10/20,8,0.47,0.5,0.53,0.49,12733,3611,3.53,34.01%,07/02/20
IAG,4,Call,4.00,08/21/20,50,0.50,0.53,0.55,0.52,3638,1034,3.52,87.85%,07/02/20
KSS,20.58,Call,22.00,07/10/20,8,0.33,0.37,0.40,0.35,942,268,3.51,70.24%,07/02/20
NCLH,15.97,Call,17.00,07/10/20,8,0.37,0.44,0.50,0.42,1884,537,3.51,85.77%,07/02/20
MRNA,58.57,Put,55.00,07/10/20,8,1.93,1.99,2.05,2.00,2217,632,3.51,104.68%,07/02/20
PCG,9.45,Put,10.50,07/10/20,8,1.01,1.12,1.23,1.08,719,206,3.49,53.23%,07/02/20
NIO,9.38,Call,11.00,07/24/20,22,0.81,0.86,0.90,0.84,547,157,3.48,152.64%,07/02/20
MPLX,17.57,Put,18.00,12/18/20,169,1.85,2.88,3.90,3.00,513,148,3.47,59.46%,07/02/20
CMG,1056.45,Call,1200.00,07/17/20,15,1.10,1.13,1.15,1.15,1760,508,3.46,34.86%,07/02/20
TER,84.58,Put,77.50,07/17/20,15,0.15,0.63,1.10,0.62,1009,294,3.43,44.09%,07/02/20
DAL,27.72,Put,8.00,01/21/22,568,0.00,0.88,1.76,0.79,1246,364,3.42,84.39%,07/02/20
CRWD,107.27,Call,107.00,07/10/20,8,3.25,3.63,4.00,3.20,734,215,3.41,48.15%,07/02/20
AMGN,258.24,Call,275.00,07/17/20,15,0.84,0.89,0.93,0.92,760,223,3.41,26.94%,07/02/20
TWTR,30.87,Call,32.50,07/10/20,8,0.20,0.22,0.23,0.21,2786,820,3.4,40.68%,07/02/20
TSLA,1208.66,Call,1460.00,07/10/20,8,4.00,4.13,4.25,4.15,965,286,3.37,81.91%,07/02/20
NVDA,384.49,Call,392.50,07/10/20,8,3.55,3.95,4.35,3.70,867,258,3.36,30.26%,07/02/20
BMY,59.14,Put,58.00,07/17/20,15,0.95,1.05,1.14,0.98,1264,376,3.36,31.56%,07/02/20
CCL,15.88,Call,17.00,07/10/20,8,0.29,0.31,0.32,0.29,2978,886,3.36,73.51%,07/02/20
ZM,261.74,Call,267.50,07/10/20,8,3.60,3.75,3.90,3.80,506,151,3.35,39.88%,07/02/20
MRNA,58.57,Put,50.00,07/10/20,8,0.70,0.75,0.79,1.25,2079,621,3.35,132.32%,07/02/20
FB,233.42,Put,220.00,07/10/20,8,1.05,1.08,1.10,1.05,9286,2788,3.33,39.29%,07/02/20
GNUS,3.55,Call,3.50,07/24/20,22,0.65,0.68,0.70,0.70,704,212,3.32,196.97%,07/02/20
TSLA,1208.66,Put,800.00,07/10/20,8,0.91,0.92,0.93,0.91,5672,1722,3.29,127.01%,07/02/20
TMO,365.89,Call,380.00,07/17/20,15,1.75,1.93,2.10,2.00,771,235,3.28,22.57%,07/02/20
NOK,4.44,Put,4.00,09/18/20,78,0.19,0.2,0.20,0.20,3879,1181,3.28,49.64%,07/02/20
FB,233.42,Call,240.00,07/10/20,8,2.07,2.14,2.20,2.14,13599,4141,3.28,33.58%,07/02/20
ROKU,128.65,Call,135.00,07/10/20,8,1.91,2.03,2.15,1.90,12043,3686,3.27,55.84%,07/02/20
TSLA,1208.66,Call,1200.00,07/10/20,8,40.60,41.3,42.00,41.97,13743,4205,3.27,52.43%,07/02/20
ZM,261.74,Call,262.50,07/10/20,8,5.50,5.8,6.10,5.97,715,219,3.26,40.73%,07/02/20
PCG,9.45,Call,11.50,07/17/20,15,0.11,0.13,0.15,0.12,1097,338,3.25,86.25%,07/02/20
AAPL,364.11,Call,367.50,07/17/20,15,5.60,6.35,7.10,7.10,4914,1513,3.25,29.06%,07/02/20
AAPL,364.11,Call,367.50,07/10/20,8,3.40,3.6,3.80,3.65,10606,3259,3.25,23.71%,07/02/20
PDD,93,Call,100.00,07/10/20,8,0.96,1.05,1.13,1.03,1470,454,3.24,60.61%,07/02/20
BA,180.81,Call,185.00,07/10/20,8,4.35,4.48,4.60,4.50,8245,2548,3.24,58.84%,07/02/20
ORCL,55.94,Put,56.00,07/17/20,15,1.09,1.17,1.25,1.21,540,167,3.23,26.44%,07/02/20
TSLA,1208.66,Call,1380.00,07/17/20,15,12.45,13.23,14.00,13.25,984,305,3.23,63.62%,07/02/20
FB,233.42,Put,232.50,07/10/20,8,3.70,4.15,4.60,4.34,3967,1233,3.22,35.04%,07/02/20
ERIC,9.31,Call,10.00,10/16/20,106,0.50,0.53,0.55,0.56,9215,2872,3.21,40.89%,07/02/20
NVDA,384.49,Put,387.50,07/10/20,8,8.50,8.95,9.40,9.51,518,162,3.2,35.03%,07/02/20
BLMN,10.18,Call,10.00,08/21/20,50,1.45,1.5,1.55,1.50,601,188,3.2,94.40%,07/02/20
CRWD,107.27,Call,106.00,07/10/20,8,3.80,4.2,4.60,4.10,963,303,3.18,54.15%,07/02/20
TTM,6.87,Call,8.00,07/17/20,15,0.00,0.05,0.10,0.10,1001,315,3.18,76.60%,07/02/20
FB,233.42,Put,227.50,07/10/20,8,2.20,2.36,2.51,2.51,4324,1366,3.17,36.29%,07/02/20
JPM,92.66,Call,94.50,07/10/20,8,0.92,1,1.07,0.95,1306,413,3.16,30.85%,07/02/20
FB,233.42,Call,237.50,07/10/20,8,2.77,2.89,3.00,2.97,6825,2163,3.16,33.83%,07/02/20
INTC,59.13,Call,65.00,07/31/20,29,0.47,0.48,0.49,0.48,4535,1440,3.15,33.12%,07/02/20
NIO,9.38,Call,9.00,07/31/20,29,1.58,1.59,1.59,1.57,2329,742,3.14,133.05%,07/02/20
PCG,9.45,Call,11.00,12/18/20,169,1.25,1.41,1.57,1.36,2470,792,3.12,73.67%,07/02/20
PFE,34.51,Call,36.50,07/17/20,15,0.20,0.23,0.25,0.22,2154,695,3.1,30.43%,07/02/20
AMZN,2890.3,Call,3300.00,07/10/20,8,0.34,1.11,1.88,1.50,989,321,3.08,43.68%,07/02/20
VZ,54.79,Call,58.00,07/31/20,29,0.20,0.23,0.25,0.21,4303,1396,3.08,18.39%,07/02/20
MSFT,206.26,Call,207.50,07/24/20,22,5.20,5.35,5.50,5.25,1855,605,3.07,28.47%,07/02/20
AMZN,2890.3,Put,2700.00,07/10/20,8,4.00,4.15,4.30,4.29,1610,527,3.06,31.81%,07/02/20
PLUG,9.1,Put,9.00,07/10/20,8,0.51,0.54,0.57,0.53,2389,784,3.05,108.64%,07/02/20
BA,180.81,Call,190.00,07/10/20,8,3.10,3.15,3.20,3.13,6911,2265,3.05,61.53%,07/02/20
MSFT,206.26,Call,207.50,07/10/20,8,2.00,2.2,2.39,2.10,13335,4371,3.05,21.66%,07/02/20
AMZN,2890.3,Put,2700.00,07/17/20,15,10.00,11.25,12.50,11.45,1637,538,3.04,30.39%,07/02/20
AAPL,364.11,Call,375.00,07/10/20,8,1.30,1.4,1.50,1.37,11450,3763,3.04,23.01%,07/02/20
DOCU,190.99,Call,195.00,08/21/20,50,13.95,14.1,14.25,14.37,572,189,3.03,56.73%,07/02/20
INTC,59.13,Call,60.50,07/10/20,8,0.34,0.38,0.42,0.37,970,320,3.03,25.10%,07/02/20
NVDA,384.49,Call,410.00,07/10/20,8,0.75,0.9,1.05,0.77,1902,627,3.03,32.00%,07/02/20
TSLA,1208.66,Call,1300.00,07/17/20,15,25.50,25.73,25.95,25.75,3683,1215,3.03,59.79%,07/02/20
NVDA,384.49,Call,402.50,07/10/20,8,1.52,1.77,2.02,1.67,594,197,3.02,31.96%,07/02/20
NIO,9.38,Call,10.00,07/24/20,22,1.02,1.12,1.22,1.10,1094,362,3.02,146.76%,07/02/20
TSLA,1208.66,Call,1200.00,07/17/20,15,58.70,59.85,61.00,60.50,8836,2923,3.02,57.23%,07/02/20
XOM,44.08,Call,46.00,07/10/20,8,0.17,0.18,0.19,0.18,13239,4377,3.02,29.88%,07/02/20
XOM,44.08,Put,43.00,07/10/20,8,0.41,0.44,0.48,0.46,1593,530,3.01,35.14%,07/02/20
BABA,223.6,Put,220.00,07/10/20,8,2.00,2.14,2.28,2.10,1185,395,3,27.83%,07/02/20
AAPL,364.11,Put,345.00,07/24/20,22,3.00,3.15,3.30,3.25,1234,413,2.99,29.20%,07/02/20
DISCA,20.79,Put,20.00,10/16/20,106,1.70,1.83,1.95,1.70,700,235,2.98,48.31%,07/02/20
BA,180.81,Call,320.00,08/21/20,50,1.08,1.09,1.10,1.08,1120,376,2.98,85.48%,07/02/20
AAL,12.5,Put,12.50,07/10/20,8,0.65,0.66,0.67,0.66,5312,1780,2.98,89.74%,07/02/20
AMZN,2890.3,Call,2600.00,07/17/20,15,284.00,293.23,302.45,294.03,10231,3435,2.98,28.91%,07/02/20
TSLA,1208.66,Call,1300.00,07/24/20,22,47.05,51.13,55.20,50.18,512,173,2.96,71.81%,07/02/20
FB,233.42,Call,237.50,07/31/20,29,9.00,9.65,10.30,9.60,657,222,2.96,43.12%,07/02/20
NVDA,384.49,Call,400.00,07/10/20,8,2.00,2.05,2.10,2.05,7535,2545,2.96,31.55%,07/02/20
JNJ,140.97,Call,142.00,07/17/20,15,2.08,2.19,2.30,2.01,558,189,2.95,21.46%,07/02/20
LYFT,31.82,Call,34.00,07/10/20,8,0.27,0.3,0.33,0.28,782,265,2.95,52.37%,07/02/20
TSLA,1208.66,Call,1520.00,07/10/20,8,2.71,2.84,2.97,2.76,1051,360,2.92,87.75%,07/02/20
EA,133.84,Put,120.00,01/15/21,197,5.50,6.48,7.45,7.25,501,172,2.91,36.18%,07/02/20
BAC,23.29,Call,22.50,07/10/20,8,0.96,0.99,1.02,0.98,702,241,2.91,35.50%,07/02/20
ROKU,128.65,Put,125.00,07/10/20,8,2.40,2.47,2.54,2.47,1094,377,2.9,54.10%,07/02/20
DIS,112.18,Put,112.00,07/10/20,8,2.08,2.21,2.34,2.22,1155,398,2.9,35.14%,07/02/20
DOCU,190.99,Call,200.00,08/21/20,50,11.00,11.85,12.70,12.00,924,320,2.89,55.38%,07/02/20
WKHS,20.91,Call,5.00,07/17/20,15,15.80,16,16.20,15.88,2516,871,2.89,0.00%,07/02/20
BYND,140.72,Put,135.00,08/21/20,50,13.55,14,14.45,13.50,1627,565,2.88,80.55%,07/02/20
JPM,92.66,Call,94.00,07/10/20,8,1.16,1.2,1.24,1.15,2094,727,2.88,31.33%,07/02/20
CLDR,12.27,Put,12.50,11/20/20,141,2.03,2.3,2.57,2.20,1023,357,2.87,69.72%,07/02/20
FB,233.42,Call,245.00,07/10/20,8,1.03,1.04,1.05,1.04,8561,3004,2.85,33.44%,07/02/20
PCG,9.45,Call,9.50,07/10/20,8,0.30,0.32,0.35,0.33,9670,3395,2.85,63.11%,07/02/20
JD,61.39,Put,60.00,07/10/20,8,0.59,0.62,0.65,0.62,840,296,2.84,33.33%,07/02/20
VUZI,2.85,Call,2.50,08/21/20,50,0.65,0.73,0.80,0.72,510,180,2.83,134.23%,07/02/20
JPM,92.66,Call,92.00,07/10/20,8,2.02,2.09,2.16,1.99,1338,473,2.83,29.76%,07/02/20
AMZN,2890.3,Put,2750.00,07/10/20,8,6.75,7.03,7.30,7.15,1383,491,2.82,28.86%,07/02/20
TSLA,1208.66,Call,1320.00,07/10/20,8,11.00,11.15,11.30,11.30,4019,1424,2.82,63.73%,07/02/20
GNUS,3.55,Call,4.00,07/24/20,22,0.55,0.65,0.75,0.65,837,300,2.79,234.77%,07/02/20
NIO,9.38,Call,12.00,07/24/20,22,0.68,0.69,0.70,0.65,533,192,2.78,157.90%,07/02/20
BYND,140.72,Put,142.00,07/10/20,8,5.15,5.55,5.95,5.79,778,280,2.78,61.70%,07/02/20
TWTR,30.87,Call,32.00,07/10/20,8,0.31,0.32,0.33,0.31,3038,1092,2.78,39.81%,07/02/20
ABMD,263.84,Call,300.00,07/17/20,15,0.90,1,1.10,1.10,576,208,2.77,46.84%,07/02/20
DOCU,190.99,Put,175.00,07/17/20,15,1.00,1.78,2.55,2.35,528,191,2.76,53.67%,07/02/20
GOOGL,1469.93,Put,1400.00,07/10/20,8,2.40,2.85,3.30,2.65,536,194,2.76,25.99%,07/02/20
AMZN,2890.3,Put,2800.00,07/10/20,8,13.00,13.95,14.90,14.50,2108,765,2.76,27.72%,07/02/20
AMGN,258.24,Put,235.00,08/21/20,50,3.00,3.5,4.00,3.96,567,206,2.75,34.02%,07/02/20
FB,233.42,Put,225.00,07/31/20,29,7.25,7.78,8.30,7.84,581,211,2.75,45.33%,07/02/20
LUV,34.12,Put,33.50,07/10/20,8,0.55,0.72,0.88,0.80,610,222,2.75,54.42%,07/02/20
NGG,58.16,Call,60.00,07/17/20,15,0.35,0.43,0.50,0.44,824,300,2.75,23.42%,07/02/20
NAVI,6.9,Call,7.50,08/21/20,50,0.40,0.43,0.45,0.40,862,314,2.75,61.49%,07/02/20
MRNA,58.57,Put,57.00,07/10/20,8,2.66,2.81,2.95,2.80,596,218,2.73,103.77%,07/02/20
UBER,30.68,Put,31.00,07/10/20,8,0.99,1.09,1.18,1.12,2183,799,2.73,52.55%,07/02/20
PCG,9.45,Call,12.00,12/18/20,169,1.01,1.16,1.30,1.23,1742,641,2.72,78.97%,07/02/20
AAL,12.5,Call,13.00,07/10/20,8,0.42,0.43,0.44,0.44,12250,4501,2.72,87.53%,07/02/20
GNUS,3.55,Call,5.00,07/24/20,22,0.45,0.5,0.55,0.50,541,200,2.71,262.95%,07/02/20
OKTA,207.76,Call,200.00,09/18/20,78,21.55,22.88,24.20,23.19,808,298,2.71,49.95%,07/02/20
WORK,30.31,Put,30.00,07/10/20,8,0.68,0.7,0.72,0.75,1314,485,2.71,50.59%,07/02/20
C,50.55,Call,51.00,07/17/20,15,1.84,1.87,1.89,1.90,2359,870,2.71,51.26%,07/02/20
ACB,12.27,Call,12.50,07/10/20,8,0.33,0.36,0.38,0.38,810,300,2.7,66.30%,07/02/20
TSLA,1208.66,Put,1050.00,07/17/20,15,9.80,10.03,10.25,9.82,891,330,2.7,63.18%,07/02/20
WKHS,20.91,Call,2.50,01/15/21,197,17.80,18.3,18.80,18.30,2993,1110,2.7,62.92%,07/02/20
MSFT,206.26,Call,210.00,07/10/20,8,1.18,1.31,1.44,1.33,21646,8018,2.7,22.71%,07/02/20
GNUS,3.55,Call,1.00,09/18/20,78,2.10,2.53,2.95,2.60,978,364,2.69,186.20%,07/02/20
PCG,9.45,Call,11.00,07/24/20,22,0.26,0.31,0.35,0.30,1383,514,2.69,86.18%,07/02/20
BA,180.81,Put,165.00,07/10/20,8,0.96,0.98,1.00,0.99,2389,887,2.69,56.41%,07/02/20
AAPL,364.11,Call,370.00,07/10/20,8,2.50,2.68,2.85,2.80,19555,7270,2.69,23.92%,07/02/20
BB,4.85,Call,5.00,07/24/20,22,0.00,0.13,0.26,0.22,711,265,2.68,59.58%,07/02/20
GE,6.82,Call,7.00,07/31/20,29,0.37,0.39,0.41,0.40,7397,2763,2.68,62.04%,07/02/20
JPM,92.66,Call,93.00,07/10/20,8,1.56,1.59,1.61,1.54,2071,777,2.67,30.85%,07/02/20
BA,180.81,Put,182.50,07/10/20,8,7.00,7.08,7.15,6.99,2235,838,2.67,57.25%,07/02/20
BABA,223.6,Call,222.50,07/17/20,15,5.80,6.1,6.40,5.90,952,358,2.66,29.18%,07/02/20
AAL,12.5,Put,11.50,07/10/20,8,0.25,0.27,0.28,0.26,3440,1293,2.66,90.52%,07/02/20
JPM,92.66,Call,95.00,07/10/20,8,0.81,0.83,0.84,0.82,4813,1814,2.65,31.34%,07/02/20
AMZN,2890.3,Call,2880.00,07/10/20,8,47.70,51.35,55.00,49.35,946,358,2.64,25.54%,07/02/20
VIAC,23.25,Call,27.00,07/10/20,8,0.05,0.08,0.12,0.11,1452,550,2.64,74.13%,07/02/20
NFLX,476.89,Call,500.00,07/10/20,8,2.40,2.53,2.65,2.48,9460,3580,2.64,34.86%,07/02/20
PENN,30.93,Call,45.00,10/16/20,106,1.60,1.93,2.25,2.12,516,196,2.63,87.38%,07/02/20
BUD,50.11,Call,50.00,08/21/20,50,3.25,3.4,3.55,3.50,680,259,2.63,46.04%,07/02/20
DOCU,190.99,Call,185.00,07/10/20,8,7.95,9.58,11.20,9.50,765,291,2.63,54.04%,07/02/20
FB,233.42,Call,242.50,07/10/20,8,1.44,1.54,1.64,1.48,4764,1810,2.63,33.19%,07/02/20
FB,233.42,Call,235.00,07/10/20,8,3.85,3.97,4.10,3.95,7137,2713,2.63,33.73%,07/02/20
AAPL,364.11,Put,360.00,07/10/20,8,3.05,3.2,3.35,3.35,9962,3794,2.63,24.28%,07/02/20
IO,2.53,Put,2.50,07/17/20,15,0.25,0.28,0.30,0.28,511,195,2.62,145.84%,07/02/20
AMZN,2890.3,Call,3400.00,07/10/20,8,0.00,0.7,1.40,0.95,789,301,2.62,48.63%,07/02/20
DIS,112.18,Put,113.00,07/17/20,15,3.50,3.6,3.70,3.58,1545,591,2.61,35.04%,07/02/20
UPS,114.36,Call,120.00,07/24/20,22,1.10,1.35,1.59,1.21,1855,711,2.61,28.40%,07/02/20
MS,47.79,Put,41.00,08/21/20,50,0.77,0.8,0.83,0.78,520,200,2.6,46.96%,07/02/20
AA,10.97,Call,11.00,07/10/20,8,0.43,0.53,0.62,0.44,757,291,2.6,69.89%,07/02/20
NTNX,23.87,Call,25.00,07/10/20,8,0.16,0.24,0.31,0.29,1284,493,2.6,49.60%,07/02/20
EBAY,54.36,Call,55.00,07/10/20,8,0.64,0.68,0.72,0.68,1810,695,2.6,29.71%,07/02/20
C,50.55,Call,50.00,07/10/20,8,1.45,1.49,1.53,1.48,2631,1012,2.6,39.60%,07/02/20
BA,180.81,Call,320.00,12/18/20,169,4.60,4.8,5.00,4.85,1000,386,2.59,64.47%,07/02/20
TEVA,11.35,Put,11.00,07/10/20,8,0.13,0.16,0.19,0.18,1544,596,2.59,49.53%,07/02/20
ROKU,128.65,Call,127.00,07/10/20,8,4.85,4.98,5.10,5.00,2242,864,2.59,54.33%,07/02/20
MU,49.83,Put,45.00,07/24/20,22,0.41,0.43,0.45,0.46,529,205,2.58,43.79%,07/02/20
BA,180.81,Call,182.50,07/10/20,8,5.30,5.5,5.70,5.45,2220,862,2.58,58.12%,07/02/20
KSS,20.58,Call,23.00,07/10/20,8,0.18,0.19,0.19,0.18,13387,5194,2.58,72.17%,07/02/20
STNG,13.05,Put,13.00,08/21/20,50,1.55,1.63,1.70,1.55,558,217,2.57,82.95%,07/02/20
ZM,261.74,Put,260.00,07/10/20,8,5.40,5.55,5.70,5.50,608,237,2.57,41.35%,07/02/20
TSLA,1208.66,Put,1090.00,07/10/20,8,6.50,6.65,6.80,6.70,638,248,2.57,61.68%,07/02/20
MA,302.42,Call,310.00,07/10/20,8,1.26,1.33,1.40,1.32,650,253,2.57,22.10%,07/02/20
BRK.B,178.83,Call,185.00,07/10/20,8,0.20,0.24,0.28,0.25,1281,498,2.57,18.21%,07/02/20
AAPL,364.11,Call,372.50,07/10/20,8,1.87,2.04,2.20,1.90,6743,2624,2.57,22.91%,07/02/20
AAPL,364.11,Put,320.00,08/07/20,36,0.70,2.35,4.00,3.25,537,210,2.56,39.77%,07/02/20
MCD,183.52,Put,170.00,07/10/20,8,0.13,0.21,0.28,0.21,541,211,2.56,32.88%,07/02/20
TSLA,1208.66,Call,1440.00,07/17/20,15,7.55,8.15,8.75,8.15,809,316,2.56,66.45%,07/02/20
XOM,44.08,Call,44.50,07/10/20,8,0.61,0.65,0.68,0.62,756,297,2.55,30.85%,07/02/20
WMT,119.21,Put,117.00,07/17/20,15,0.83,0.87,0.90,0.95,1118,439,2.55,19.62%,07/02/20
SPCE,16.25,Call,19.50,07/10/20,8,0.09,0.12,0.14,0.10,1187,468,2.54,91.54%,07/02/20
BDX,245.03,Call,250.00,07/17/20,15,3.60,3.9,4.20,3.90,1352,533,2.54,30.02%,07/02/20
SRNE,6.85,Call,7.00,12/18/20,169,2.40,2.45,2.50,2.45,1793,706,2.54,138.48%,07/02/20
NIO,9.38,Call,10.00,07/31/20,29,1.25,1.27,1.29,1.25,1558,616,2.53,141.96%,07/02/20
UPS,114.36,Call,130.00,07/31/20,29,0.51,0.54,0.57,0.57,534,212,2.52,35.15%,07/02/20
BLMN,10.18,Put,5.00,01/15/21,197,0.15,0.7,1.25,0.60,4025,1595,2.52,113.09%,07/02/20
ELF,18.85,Call,30.00,12/18/20,169,0.40,0.45,0.50,0.50,525,209,2.51,56.05%,07/02/20
CRWD,107.27,Call,120.00,08/21/20,50,4.30,4.65,5.00,4.74,883,352,2.51,58.27%,07/02/20
NCLH,15.97,Put,15.50,07/10/20,8,0.50,0.56,0.62,0.61,1006,401,2.51,88.94%,07/02/20
TWTR,30.87,Call,26.00,07/17/20,15,4.90,4.98,5.05,4.96,712,285,2.5,53.72%,07/02/20
TSLA,1208.66,Put,1050.00,07/10/20,8,4.10,4.35,4.60,4.39,1867,746,2.5,68.97%,07/02/20
ROKU,128.65,Call,150.00,08/21/20,50,7.15,7.28,7.40,7.20,5112,2044,2.5,75.85%,07/02/20
SBUX,73.78,Put,72.00,07/10/20,8,0.48,0.57,0.66,0.55,562,226,2.49,29.04%,07/02/20
FANG,41.56,Put,35.00,12/18/20,169,5.10,5.3,5.50,4.98,678,272,2.49,77.50%,07/02/20
MMM,157.04,Call,162.50,07/10/20,8,0.32,0.4,0.48,0.36,692,278,2.49,21.23%,07/02/20
AGNC,12.72,Put,12.00,08/21/20,50,0.44,0.46,0.48,0.46,804,323,2.49,42.60%,07/02/20
COST,305.74,Call,312.50,07/17/20,15,1.70,1.9,2.10,1.86,566,228,2.48,17.55%,07/02/20
GNUS,3.55,Put,2.00,07/17/20,15,0.25,0.28,0.30,0.26,960,387,2.48,380.08%,07/02/20
QCOM,91.87,Call,96.00,07/17/20,15,0.75,0.86,0.97,0.76,1181,476,2.48,29.36%,07/02/20
SPOT,271.49,Call,275.00,07/10/20,8,7.00,7.25,7.50,7.22,1389,560,2.48,54.72%,07/02/20
AMZN,2890.3,Call,3500.00,07/17/20,15,1.50,1.68,1.85,1.61,875,354,2.47,43.87%,07/02/20
BMY,59.14,Call,62.00,07/10/20,8,0.13,0.18,0.23,0.18,709,288,2.46,28.95%,07/02/20
GNUS,3.55,Call,3.00,07/31/20,29,0.85,1.03,1.20,1.09,1098,447,2.46,216.36%,07/02/20
AAPL,364.11,Call,385.00,07/10/20,8,0.35,0.4,0.44,0.44,4974,2026,2.46,25.45%,07/02/20
FB,233.42,Call,247.50,07/10/20,8,0.68,0.83,0.98,0.71,2275,928,2.45,33.58%,07/02/20
PCG,9.45,Call,10.50,07/10/20,8,0.13,0.14,0.14,0.14,5320,2168,2.45,84.64%,07/02/20
MSFT,206.26,Put,210.00,07/10/20,8,4.35,5.03,5.70,5.00,698,286,2.44,22.67%,07/02/20
CCL,15.88,Put,16.50,07/10/20,8,1.11,1.16,1.21,1.16,704,288,2.44,85.42%,07/02/20
WKHS,20.91,Call,2.50,10/16/20,106,18.00,18.4,18.80,18.70,613,252,2.43,270.56%,07/02/20
BAC,23.29,Put,24.50,07/10/20,8,1.29,1.33,1.37,1.34,2214,910,2.43,38.15%,07/02/20
SHOP,1029.97,Call,1050.00,07/17/20,15,31.20,34.1,37.00,36.00,515,213,2.42,53.60%,07/02/20
PDD,93,Call,100.00,09/18/20,78,7.60,7.98,8.35,8.00,1142,473,2.41,62.29%,07/02/20
INO,21.45,Put,21.00,07/10/20,8,1.65,1.7,1.75,1.78,1215,504,2.41,159.95%,07/02/20
TSLA,1208.66,Call,1400.00,07/17/20,15,11.00,11.4,11.80,11.00,1787,741,2.41,64.12%,07/02/20
BA,180.81,Call,205.00,07/10/20,8,1.10,1.11,1.12,1.14,3160,1310,2.41,70.75%,07/02/20
SPCE,16.25,Put,17.00,07/10/20,8,1.08,1.12,1.15,1.14,590,246,2.4,71.97%,07/02/20
ZM,261.74,Put,260.00,07/17/20,15,8.70,9,9.30,8.90,1090,455,2.4,46.56%,07/02/20
FB,233.42,Put,237.50,07/10/20,8,6.65,6.98,7.30,6.95,1972,822,2.4,33.64%,07/02/20
BABA,223.6,Call,240.00,07/31/20,29,1.80,2.14,2.47,2.30,664,278,2.39,30.24%,07/02/20
HD,248.5,Put,245.00,07/10/20,8,1.40,1.69,1.98,1.95,752,314,2.39,23.66%,07/02/20
PLAY,12.74,Call,15.00,01/21/22,568,5.50,5.8,6.10,5.90,1029,431,2.39,107.78%,07/02/20
PDD,93,Put,70.00,10/16/20,106,3.25,3.53,3.80,3.45,1036,434,2.39,66.83%,07/02/20
CRWD,107.27,Call,105.00,07/10/20,8,4.40,4.68,4.95,4.85,1623,680,2.39,57.16%,07/02/20
NFLX,476.89,Call,485.00,07/10/20,8,5.50,6,6.50,5.86,2285,957,2.39,32.76%,07/02/20
FB,233.42,Put,222.50,07/10/20,8,1.24,1.42,1.59,1.42,2121,893,2.38,38.31%,07/02/20
LRN,31.33,Call,32.00,07/17/20,15,1.00,1.2,1.40,1.25,531,224,2.37,60.74%,07/02/20
WMT,119.21,Call,121.00,07/10/20,8,0.46,0.47,0.48,0.43,1969,832,2.37,15.36%,07/02/20
CODX,18.89,Call,20.00,07/10/20,8,0.60,0.65,0.70,0.60,1047,444,2.36,92.57%,07/02/20
ERI,41.2,Call,43.00,07/17/20,15,1.22,1.71,2.20,2.02,1195,507,2.36,82.93%,07/02/20
VALE,10.41,Call,10.50,07/17/20,15,0.30,0.33,0.36,0.34,1094,465,2.35,45.02%,07/02/20
SRNE,6.85,Put,2.00,12/18/20,169,0.25,0.33,0.40,0.32,2610,1109,2.35,178.45%,07/02/20
MDB,225.18,Put,215.00,07/10/20,8,2.35,2.58,2.80,2.72,607,259,2.34,50.96%,07/02/20
SNAP,23.22,Put,22.00,08/21/20,50,1.41,1.44,1.48,1.47,2327,993,2.34,61.30%,07/02/20
AAPL,364.11,Call,377.50,07/10/20,8,0.95,1.02,1.08,1.00,4534,1940,2.34,23.37%,07/02/20
BA,180.81,Call,187.50,07/10/20,8,3.65,3.78,3.90,3.85,2307,992,2.33,61.14%,07/02/20
FB,233.42,Put,225.00,07/10/20,8,1.79,1.86,1.92,1.87,5784,2486,2.33,37.04%,07/02/20
MSFT,206.26,Call,217.50,07/10/20,8,0.14,0.2,0.26,0.23,2233,962,2.32,24.04%,07/02/20
C,50.55,Call,51.00,07/10/20,8,0.95,0.98,1.01,0.99,7411,3193,2.32,39.84%,07/02/20
NIO,9.38,Call,13.00,07/17/20,15,0.40,0.42,0.44,0.44,787,340,2.31,185.74%,07/02/20
PBR,8.48,Put,7.50,07/24/20,22,0.16,0.17,0.18,0.17,1669,724,2.31,66.81%,07/02/20
INO,21.45,Call,24.00,07/10/20,8,0.85,0.89,0.92,0.85,3070,1330,2.31,138.24%,07/02/20
BAC,23.29,Call,23.00,07/10/20,8,0.63,0.65,0.67,0.64,4243,1834,2.31,34.88%,07/02/20
C,50.55,Put,52.00,07/10/20,8,2.05,2.09,2.14,2.17,820,357,2.3,44.01%,07/02/20
AAPL,364.11,Call,382.50,07/10/20,8,0.40,0.5,0.60,0.57,2831,1233,2.3,24.68%,07/02/20
BRK.B,178.83,Put,172.50,07/10/20,8,0.24,0.32,0.39,0.38,518,226,2.29,22.00%,07/02/20
ACB,12.27,Call,13.50,07/10/20,8,0.12,0.14,0.16,0.15,595,260,2.29,74.07%,07/02/20
BABA,223.6,Put,205.00,07/10/20,8,0.30,0.37,0.43,0.36,854,373,2.29,39.14%,07/02/20
JPM,92.66,Put,91.00,07/10/20,8,0.97,1.01,1.04,1.06,905,395,2.29,32.79%,07/02/20
DKNG,33.06,Call,35.50,07/10/20,8,0.60,0.68,0.75,0.70,534,234,2.28,80.87%,07/02/20
LLY,163.87,Call,167.50,07/10/20,8,1.04,1.28,1.52,1.30,661,290,2.28,27.83%,07/02/20
AAPL,364.11,Put,380.00,01/15/21,197,40.90,42.25,43.60,40.65,719,315,2.28,31.16%,07/02/20
FSLY,84.51,Put,70.00,08/21/20,50,6.80,7.2,7.60,7.10,1052,461,2.28,116.59%,07/02/20
NFLX,476.89,Call,505.00,07/10/20,8,1.80,2.16,2.52,2.07,1231,539,2.28,36.98%,07/02/20
FDX,155.48,Put,155.00,07/10/20,8,1.97,2.24,2.50,2.40,755,333,2.27,28.97%,07/02/20
MT,10.94,Call,10.50,07/17/20,15,0.74,0.78,0.81,0.76,1427,629,2.27,58.41%,07/02/20
EBAY,54.36,Call,70.00,08/21/20,50,0.15,0.2,0.24,0.20,525,232,2.26,41.38%,07/02/20
UAL,34.14,Put,34.00,07/10/20,8,1.49,1.62,1.75,1.58,1663,740,2.25,82.27%,07/02/20
BA,180.81,Call,200.00,07/10/20,8,1.52,1.53,1.54,1.54,14164,6308,2.25,67.16%,07/02/20
TSLA,1208.66,Call,1170.00,07/10/20,8,56.90,58.7,60.50,58.00,589,263,2.24,49.97%,07/02/20
IQ,23.82,Call,22.50,12/18/20,169,4.10,4.38,4.65,4.65,670,299,2.24,62.26%,07/02/20
IQ,23.82,Call,25.00,07/10/20,8,0.31,0.32,0.33,0.31,929,415,2.24,52.46%,07/02/20
ROKU,128.65,Call,126.00,07/10/20,8,5.45,5.58,5.70,5.55,1030,460,2.24,54.07%,07/02/20
TSLA,1208.66,Put,700.00,07/10/20,8,0.38,0.47,0.56,0.47,2425,1085,2.24,150.41%,07/02/20
SOLO,3.13,Put,2.50,07/17/20,15,0.35,0.4,0.45,0.38,3624,1619,2.24,289.72%,07/02/20
CS,10.31,Call,17.00,01/21/22,568,0.25,0.3,0.35,0.30,500,225,2.22,32.28%,07/02/20
AMZN,2890.3,Put,2500.00,07/10/20,8,1.00,1.32,1.63,1.34,656,296,2.22,47.52%,07/02/20
FDX,155.48,Put,160.00,08/21/20,50,10.40,10.78,11.15,10.60,1471,664,2.22,35.82%,07/02/20
DOCU,190.99,Call,200.00,01/15/21,197,25.15,26.35,27.55,27.20,3202,1445,2.22,54.32%,07/02/20
NOK,4.44,Call,4.00,07/24/20,22,0.44,0.46,0.49,0.49,685,311,2.2,46.57%,07/02/20
SHOP,1029.97,Call,1100.00,07/10/20,8,9.50,9.65,9.80,9.60,1016,461,2.2,53.36%,07/02/20
BABA,223.6,Call,235.00,07/24/20,22,2.19,2.51,2.82,2.58,636,291,2.19,30.09%,07/02/20
UBER,30.68,Call,31.00,07/10/20,8,0.72,0.77,0.81,0.76,1794,820,2.19,49.80%,07/02/20
BA,180.81,Put,170.00,07/10/20,8,1.94,1.97,2.00,1.95,3504,1597,2.19,56.46%,07/02/20
PCG,9.45,Put,9.50,07/10/20,8,0.30,0.35,0.40,0.36,2566,1178,2.18,60.06%,07/02/20
ROKU,128.65,Call,140.00,07/17/20,15,2.73,2.74,2.75,2.71,12285,5634,2.18,63.95%,07/02/20
TGT,119.12,Call,120.00,07/10/20,8,0.15,0.64,1.13,0.96,1358,625,2.17,18.97%,07/02/20
BA,180.81,Put,185.00,07/10/20,8,8.35,8.52,8.70,8.54,1660,765,2.17,57.96%,07/02/20
NVDA,384.49,Call,375.00,07/10/20,8,12.45,12.98,13.50,13.00,1330,617,2.16,32.11%,07/02/20
WYNN,77.32,Call,79.00,07/17/20,15,3.10,3.33,3.55,3.35,552,257,2.15,65.17%,07/02/20
INTC,59.13,Call,61.00,07/10/20,8,0.23,0.27,0.30,0.25,1090,506,2.15,24.92%,07/02/20
INTC,59.13,Put,60.00,07/10/20,8,1.35,1.41,1.47,1.42,876,410,2.14,26.54%,07/02/20
X,7.07,Call,7.50,07/17/20,15,0.21,0.22,0.24,0.23,2286,1069,2.14,69.34%,07/02/20
PBR,8.48,Put,10.00,08/21/20,50,1.75,1.8,1.85,1.79,10000,4676,2.14,61.44%,07/02/20
PFE,34.51,Call,36.00,07/10/20,8,0.17,0.18,0.18,0.18,12442,5819,2.14,32.56%,07/02/20
SBUX,73.78,Call,74.00,07/10/20,8,1.01,1.16,1.30,1.00,543,255,2.13,25.11%,07/02/20
AKAM,113.12,Call,125.00,08/21/20,50,1.90,2.1,2.30,2.28,545,256,2.13,37.12%,07/02/20
UBER,30.68,Put,30.50,07/10/20,8,0.74,0.83,0.91,0.89,1032,485,2.13,54.37%,07/02/20
NFLX,476.89,Put,455.00,07/10/20,8,2.15,2.22,2.30,2.21,1560,731,2.13,34.13%,07/02/20
TSLA,1208.66,Call,1220.00,07/17/20,15,50.80,51.6,52.40,51.00,767,361,2.12,57.23%,07/02/20
DIS,112.18,Call,113.00,07/10/20,8,1.65,1.79,1.93,1.77,991,469,2.11,32.18%,07/02/20
CCL,15.88,Call,16.50,07/10/20,8,0.43,0.45,0.48,0.48,1590,753,2.11,78.24%,07/02/20
MSFT,206.26,Call,207.50,07/31/20,29,6.05,6.65,7.25,6.00,646,307,2.1,27.92%,07/02/20
FB,233.42,Put,237.50,07/17/20,15,8.45,8.6,8.75,8.85,849,405,2.1,35.18%,07/02/20
WBA,41.98,Call,43.00,07/10/20,8,0.84,0.85,0.86,0.84,1721,821,2.1,51.06%,07/02/20
DAL,27.72,Put,28.00,07/10/20,8,1.17,1.24,1.31,1.31,2482,1181,2.1,71.11%,07/02/20
ROKU,128.65,Call,150.00,09/18/20,78,9.20,9.52,9.85,9.29,801,384,2.09,69.91%,07/02/20
SLM,6.99,Call,8.00,10/16/20,106,0.30,0.4,0.50,0.40,2000,957,2.09,49.65%,07/02/20
AAPL,364.11,Put,367.50,07/10/20,8,5.25,6.13,7.00,6.60,3483,1670,2.09,22.15%,07/02/20
M,6.8,Call,7.00,07/10/20,8,0.22,0.23,0.24,0.23,4620,2208,2.09,78.39%,07/02/20
FB,233.42,Put,235.00,07/31/20,29,11.50,12.2,12.90,11.99,761,366,2.08,43.04%,07/02/20
AUY,5.35,Call,6.00,08/07/20,36,0.15,0.18,0.21,0.20,1084,522,2.08,63.49%,07/02/20
QCOM,91.87,Call,95.00,07/10/20,8,0.42,0.51,0.59,0.47,1543,741,2.08,28.13%,07/02/20
AAPL,364.11,Put,362.50,07/10/20,8,2.90,3.9,4.90,4.15,2415,1159,2.08,23.14%,07/02/20
HD,248.5,Put,242.50,07/10/20,8,1.21,1.31,1.40,1.38,635,307,2.07,25.11%,07/02/20
PCG,9.45,Call,11.00,07/10/20,8,0.09,0.1,0.10,0.10,2724,1314,2.07,94.21%,07/02/20
MRO,6.12,Put,6.00,07/10/20,8,0.15,0.16,0.17,0.16,565,274,2.06,60.23%,07/02/20
TSLA,1208.66,Call,1140.00,07/10/20,8,77.55,80.95,84.35,80.00,1407,682,2.06,50.86%,07/02/20
AMD,52.34,Put,51.00,07/10/20,8,0.57,0.61,0.64,0.60,3258,1580,2.06,37.81%,07/02/20
ZNGA,9.53,Call,11.00,08/07/20,36,0.16,0.19,0.21,0.18,636,310,2.05,52.35%,07/02/20
NFLX,476.89,Call,490.00,07/10/20,8,4.20,4.65,5.10,4.47,3286,1609,2.04,33.59%,07/02/20
JPM,92.66,Call,96.00,07/10/20,8,0.56,0.58,0.60,0.56,1166,574,2.03,31.16%,07/02/20
ZM,261.74,Call,290.00,08/21/20,50,9.10,9.5,9.90,9.40,3543,1744,2.03,50.04%,07/02/20
F,6.05,Call,6.50,07/17/20,15,0.09,0.1,0.11,0.10,19100,9419,2.03,52.39%,07/02/20
WBA,41.98,Put,38.00,07/17/20,15,0.36,0.45,0.54,0.36,535,265,2.02,50.78%,07/02/20
MRNA,58.57,Put,48.00,07/17/20,15,1.15,1.33,1.50,1.33,587,291,2.02,114.72%,07/02/20
ZM,261.74,Put,255.00,07/10/20,8,3.50,3.6,3.70,3.65,706,350,2.02,42.60%,07/02/20
TSLA,1208.66,Call,1130.00,07/10/20,8,85.90,87.95,90.00,88.90,1554,770,2.02,53.04%,07/02/20
AMZN,2890.3,Call,2940.00,07/17/20,15,44.00,47.2,50.40,46.00,1732,856,2.02,28.55%,07/02/20
BA,180.81,Put,160.00,07/10/20,8,0.45,0.48,0.50,0.49,2743,1358,2.02,57.63%,07/02/20
CAT,127.72,Call,140.00,07/17/20,15,0.25,0.26,0.26,0.22,3195,1583,2.02,29.47%,07/02/20
SBUX,73.78,Call,76.00,07/10/20,8,0.29,0.32,0.35,0.34,930,465,2,25.08%,07/02/20
NIO,9.38,Put,8.00,08/21/20,50,0.98,1.01,1.03,1.00,4677,2341,2,126.38%,07/02/20
BABA,223.6,Put,202.50,07/10/20,8,0.19,0.27,0.35,0.31,728,365,1.99,42.06%,07/02/20
CHWY,47.08,Call,48.00,07/10/20,8,0.98,1.04,1.09,1.01,770,386,1.99,50.48%,07/02/20
ROKU,128.65,Call,128.00,07/10/20,8,4.35,4.78,5.20,4.54,804,404,1.99,55.25%,07/02/20
AKAM,113.12,Call,115.00,08/21/20,50,4.50,5,5.50,5.30,852,429,1.99,36.23%,07/02/20
MGM,16.86,Put,17.00,07/10/20,8,0.60,0.7,0.80,0.78,1773,891,1.99,71.11%,07/02/20
AMZN,2890.3,Call,3000.00,07/17/20,15,27.00,28.08,29.15,29.15,6388,3213,1.99,29.55%,07/02/20
NFLX,476.89,Call,515.00,07/10/20,8,0.90,1.16,1.42,1.22,1245,629,1.98,38.91%,07/02/20
WORK,30.31,Put,22.00,10/16/20,106,0.63,0.76,0.88,0.76,1280,648,1.98,62.28%,07/02/20
TSLA,1208.66,Call,1600.00,07/10/20,8,1.37,1.51,1.65,1.65,1530,774,1.98,94.62%,07/02/20
CRWD,107.27,Call,104.00,07/17/20,15,6.40,6.9,7.40,6.95,721,366,1.97,59.90%,07/02/20
DAL,27.72,Put,3.00,01/21/22,568,0.15,0.18,0.20,0.16,877,445,1.97,102.84%,07/02/20
V,195.67,Put,190.00,07/10/20,8,0.65,0.83,1.00,0.85,992,503,1.97,24.96%,07/02/20
ROKU,128.65,Call,129.00,07/10/20,8,3.90,4.03,4.15,4.03,1019,518,1.97,55.00%,07/02/20
DAL,27.72,Put,26.00,07/10/20,8,0.44,0.45,0.47,0.46,1402,713,1.97,70.54%,07/02/20
NFLX,476.89,Call,495.00,07/10/20,8,3.20,3.45,3.70,3.30,1535,780,1.97,34.02%,07/02/20
SPCE,16.25,Put,16.00,07/10/20,8,0.43,0.45,0.46,0.45,1839,932,1.97,59.72%,07/02/20
TSLA,1208.66,Call,1800.00,07/10/20,8,0.55,0.56,0.57,0.50,3267,1659,1.97,108.31%,07/02/20
GNUS,3.55,Call,1.00,07/17/20,15,2.35,2.53,2.70,2.55,803,410,1.96,236.92%,07/02/20
DKNG,33.06,Call,34.00,07/10/20,8,1.10,1.15,1.20,1.15,886,452,1.96,79.40%,07/02/20
TWLO,232.35,Call,225.00,07/10/20,8,9.30,10.13,10.95,11.32,513,263,1.95,51.80%,07/02/20
MO,39.4,Put,39.50,07/17/20,15,0.85,0.92,0.99,0.91,602,308,1.95,27.31%,07/02/20
EBAY,54.36,Put,49.00,07/17/20,15,0.16,0.32,0.47,0.23,830,426,1.95,41.83%,07/02/20
NFLX,476.89,Put,470.00,07/10/20,8,5.70,6.05,6.40,6.10,1403,718,1.95,32.89%,07/02/20
CRM,192.53,Call,200.00,07/10/20,8,0.60,0.67,0.74,0.76,1761,902,1.95,27.46%,07/02/20
AMD,52.34,Put,52.00,07/10/20,8,0.96,1.01,1.05,0.97,4383,2247,1.95,36.99%,07/02/20
FDX,155.48,Put,157.50,07/10/20,8,3.15,3.55,3.95,3.79,588,303,1.94,29.12%,07/02/20
ZM,261.74,Call,280.00,07/10/20,8,1.00,1.1,1.20,1.08,1059,546,1.94,40.60%,07/02/20
CGC,16.45,Put,16.00,07/10/20,8,0.31,0.33,0.35,0.33,574,297,1.93,54.97%,07/02/20
CVX,88.31,Put,87.50,08/21/20,50,4.80,5.13,5.45,5.05,866,449,1.93,42.67%,07/02/20
RCL,49.51,Put,50.00,07/10/20,8,2.55,2.63,2.71,2.75,907,469,1.93,85.34%,07/02/20
ROKU,128.65,Call,130.00,07/10/20,8,3.55,3.58,3.60,3.60,14350,7430,1.93,55.30%,07/02/20
TSLA,1208.66,Call,1160.00,07/10/20,8,64.15,66.48,68.80,66.00,556,289,1.92,52.00%,07/02/20
C,50.55,Call,50.00,08/21/20,50,3.45,3.5,3.55,3.48,3899,2026,1.92,42.46%,07/02/20
NGL,3.81,Put,5.00,08/21/20,50,1.40,1.55,1.70,1.57,504,264,1.91,133.46%,07/02/20
BMY,59.14,Call,59.00,07/17/20,15,1.48,1.54,1.59,1.55,570,299,1.91,30.60%,07/02/20
STNG,13.05,Call,14.00,08/21/20,50,1.25,1.3,1.35,1.30,574,300,1.91,86.73%,07/02/20
WYNN,77.32,Put,75.00,07/10/20,8,1.75,2.12,2.48,1.85,708,371,1.91,63.86%,07/02/20
NVDA,384.49,Call,385.00,07/10/20,8,6.80,7.25,7.70,7.05,1526,801,1.91,31.88%,07/02/20
AX,21.15,Put,17.50,08/21/20,50,0.45,0.48,0.50,0.46,3910,2047,1.91,60.12%,07/02/20
IBM,119.7,Call,120.00,07/10/20,8,1.48,1.6,1.71,1.53,914,480,1.9,23.43%,07/02/20
APA,13.26,Put,12.50,07/10/20,8,0.25,0.26,0.27,0.27,915,482,1.9,75.36%,07/02/20
BABA,223.6,Call,255.00,08/21/20,50,1.68,1.84,2.00,1.75,6988,3671,1.9,30.87%,07/02/20
JPM,92.66,Call,98.50,07/10/20,8,0.19,0.22,0.25,0.20,563,300,1.88,31.45%,07/02/20
AMZN,2890.3,Put,2600.00,07/10/20,8,1.81,2.01,2.20,2.08,586,311,1.88,39.11%,07/02/20
PLUG,9.1,Call,11.00,07/10/20,8,0.18,0.2,0.21,0.19,4500,2388,1.88,136.74%,07/02/20
ROKU,128.65,Put,114.00,07/10/20,8,0.25,0.3,0.35,0.31,607,324,1.87,55.57%,07/02/20
DIS,112.18,Call,114.00,07/10/20,8,1.23,1.37,1.51,1.40,1023,547,1.87,32.60%,07/02/20
GE,6.82,Put,7.00,07/24/20,22,0.43,0.45,0.48,0.46,1078,576,1.87,54.21%,07/02/20
MRNA,58.57,Call,68.00,07/10/20,8,0.82,0.94,1.05,1.05,1488,797,1.87,111.94%,07/02/20
CSCO,45.63,Put,35.00,08/21/20,50,0.10,0.17,0.23,0.18,901,484,1.86,46.61%,07/02/20
NVDA,384.49,Call,395.00,07/10/20,8,2.95,3.13,3.30,3.15,1590,853,1.86,31.20%,07/02/20
BE,10.35,Put,10.00,07/17/20,15,0.45,0.55,0.65,0.60,624,338,1.85,93.11%,07/02/20
NFLX,476.89,Call,520.00,07/10/20,8,0.78,1.06,1.33,1.05,918,495,1.85,40.92%,07/02/20
FB,233.42,Put,240.00,08/21/20,50,17.00,17.2,17.40,17.50,2621,1413,1.85,40.81%,07/02/20
COST,305.74,Call,312.50,07/10/20,8,0.00,0.56,1.11,0.75,810,441,1.84,16.23%,07/02/20
GOLD,26.27,Put,26.00,07/10/20,8,0.44,0.46,0.48,0.45,1030,560,1.84,37.49%,07/02/20
CAR,25.92,Call,28.00,07/17/20,15,1.05,1.1,1.15,1.15,1045,568,1.84,92.67%,07/02/20
BABA,223.6,Call,217.50,07/10/20,8,7.25,7.45,7.65,7.25,1754,954,1.84,25.23%,07/02/20
BA,180.81,Call,195.00,07/10/20,8,2.15,2.2,2.25,2.15,5179,2813,1.84,63.89%,07/02/20
UAL,34.14,Call,33.00,07/10/20,8,0.60,1.48,2.35,2.25,792,433,1.83,81.26%,07/02/20
AMZN,2890.3,Put,2800.00,07/17/20,15,30.00,31.75,33.50,32.00,836,458,1.83,29.73%,07/02/20
AAPL,364.11,Put,367.50,07/17/20,15,7.50,8.8,10.10,8.95,918,502,1.83,24.53%,07/02/20
WYNN,77.32,Put,70.00,07/10/20,8,0.61,0.72,0.82,0.72,1218,667,1.83,71.42%,07/02/20
AMZN,2890.3,Call,4000.00,07/10/20,8,0.12,0.15,0.18,0.16,1557,849,1.83,73.93%,07/02/20
FB,233.42,Put,217.50,07/10/20,8,0.77,0.8,0.84,0.81,1666,908,1.83,40.89%,07/02/20
SCPL,15.35,Call,17.50,08/21/20,50,1.00,1.05,1.10,1.10,1668,910,1.83,82.18%,07/02/20
JD,61.39,Call,70.00,08/21/20,50,1.10,1.2,1.29,1.21,1876,1025,1.83,42.81%,07/02/20
DKNG,33.06,Call,35.00,07/10/20,8,0.80,0.83,0.85,0.85,3119,1708,1.83,81.53%,07/02/20
PLUG,9.1,Call,10.00,07/10/20,8,0.32,0.33,0.34,0.33,8772,4795,1.83,122.14%,07/02/20
TSLA,1208.66,Put,490.00,07/17/20,15,0.01,0.38,0.75,0.29,507,278,1.82,166.30%,07/02/20
ABBV,98.88,Call,99.00,07/10/20,8,1.10,1.2,1.30,1.59,545,299,1.82,27.97%,07/02/20
PDD,93,Put,90.00,07/17/20,15,3.30,3.5,3.70,3.35,718,394,1.82,63.86%,07/02/20
LLNW,7.78,Call,9.00,07/17/20,15,0.20,0.23,0.25,0.25,701,387,1.81,102.81%,07/02/20
AAPL,364.11,Put,340.00,07/24/20,22,2.00,2.26,2.53,2.45,1121,620,1.81,30.20%,07/02/20
GS,197.4,Put,185.00,07/10/20,8,0.42,0.49,0.56,0.46,573,318,1.8,34.36%,07/02/20
LYFT,31.82,Call,34.00,07/17/20,15,0.69,0.72,0.74,0.69,834,463,1.8,57.71%,07/02/20
DOCU,190.99,Call,195.00,07/17/20,15,6.50,7.25,8.00,6.85,735,414,1.78,55.52%,07/02/20
PINS,24.11,Call,24.00,07/10/20,8,0.76,0.79,0.83,0.81,1320,743,1.78,52.80%,07/02/20
TSLA,1208.66,Put,1070.00,07/10/20,8,4.80,5.15,5.50,5.45,648,367,1.77,65.47%,07/02/20
SQ,113.39,Call,125.00,07/10/20,8,0.48,0.51,0.53,0.51,985,555,1.77,53.79%,07/02/20
NVDA,384.49,Put,367.50,07/17/20,15,4.05,4.48,4.90,4.67,571,325,1.76,36.99%,07/02/20
HD,248.5,Call,260.00,07/10/20,8,0.18,0.2,0.22,0.21,1094,622,1.76,19.96%,07/02/20
BA,180.81,Call,187.50,07/17/20,15,6.70,6.85,7.00,6.95,1220,692,1.76,66.51%,07/02/20
TER,84.58,Put,82.50,07/17/20,15,1.50,1.95,2.40,1.75,2011,1145,1.76,39.70%,07/02/20
T,30.08,Put,29.50,07/10/20,8,0.37,0.38,0.39,0.40,2511,1430,1.76,37.11%,07/02/20
TSLA,1208.66,Put,1085.00,07/10/20,8,5.80,6.1,6.40,6.35,555,317,1.75,62.60%,07/02/20
BBBY,10.81,Put,8.50,07/17/20,15,0.20,0.23,0.25,0.21,571,326,1.75,122.78%,07/02/20
UPS,114.36,Call,130.00,07/24/20,22,0.26,0.33,0.40,0.33,637,363,1.75,35.26%,07/02/20
RCL,49.51,Put,45.00,07/10/20,8,0.77,0.79,0.81,0.84,739,422,1.75,88.67%,07/02/20
AAL,12.5,Call,13.00,07/31/20,29,1.28,1.36,1.43,1.32,772,442,1.75,108.65%,07/02/20
PCG,9.45,Call,12.00,07/31/20,29,0.25,0.26,0.27,0.28,800,456,1.75,93.61%,07/02/20
CRM,192.53,Call,195.00,07/10/20,8,1.76,2.06,2.35,1.81,831,476,1.75,24.95%,07/02/20
ROKU,128.65,Put,115.00,07/10/20,8,0.32,0.49,0.66,0.37,1130,644,1.75,54.71%,07/02/20
FB,233.42,Put,240.00,07/10/20,8,8.30,8.5,8.70,8.65,1290,736,1.75,33.62%,07/02/20
INO,21.45,Put,20.00,07/10/20,8,1.00,1.18,1.35,1.29,2259,1294,1.75,158.24%,07/02/20
TSM,58.62,Call,60.00,08/21/20,50,1.90,2.02,2.14,2.07,2429,1386,1.75,30.35%,07/02/20
HSBC,24.26,Call,33.00,01/15/21,197,0.15,0.18,0.20,0.17,575,331,1.74,27.42%,07/02/20
MS,47.79,Put,38.00,08/21/20,50,0.39,0.43,0.46,0.42,713,409,1.74,50.76%,07/02/20
INO,21.45,Call,21.00,07/10/20,8,2.00,2.02,2.04,2.00,1150,665,1.73,140.86%,07/02/20
BHC,18.34,Call,19.00,07/10/20,8,0.25,0.26,0.27,0.26,3981,2298,1.73,47.48%,07/02/20
NVDA,384.49,Put,355.00,07/10/20,8,0.52,0.61,0.69,0.66,815,474,1.72,37.19%,07/02/20
PENN,30.93,Call,38.00,08/21/20,50,2.02,2.21,2.39,2.09,1004,584,1.72,95.21%,07/02/20
JPM,92.66,Call,93.50,07/17/20,15,2.68,2.77,2.86,2.72,1411,818,1.72,41.16%,07/02/20
SQ,113.39,Call,155.00,08/21/20,50,0.85,0.88,0.90,0.90,689,402,1.71,57.48%,07/02/20
JD,61.39,Call,65.00,07/10/20,8,0.14,0.19,0.24,0.20,795,466,1.71,33.70%,07/02/20
NFLX,476.89,Call,480.00,07/10/20,8,7.45,8.03,8.60,7.50,2929,1711,1.71,31.51%,07/02/20
NFLX,476.89,Call,525.00,07/10/20,8,0.61,0.77,0.92,0.90,734,433,1.7,42.76%,07/02/20
TSLA,1208.66,Call,1320.00,07/17/20,15,21.60,21.8,22.00,21.74,831,490,1.7,60.68%,07/02/20
CCL,15.88,Put,16.00,07/10/20,8,0.85,0.87,0.89,0.85,2243,1318,1.7,84.11%,07/02/20
TSLA,1208.66,Call,1500.00,07/24/20,22,17.00,17.5,18.00,17.40,551,326,1.69,78.80%,07/02/20
PFE,34.51,Call,35.00,08/07/20,36,0.88,0.97,1.05,0.97,517,308,1.68,27.06%,07/02/20
CHGG,70.2,Put,70.00,07/17/20,15,2.60,2.85,3.10,2.90,653,388,1.68,53.29%,07/02/20
ABT,92.23,Call,92.50,11/20/20,141,6.25,6.48,6.70,6.70,1008,601,1.68,28.85%,07/02/20
AAPL,364.11,Put,332.50,07/10/20,8,0.29,0.62,0.95,0.37,1064,633,1.68,36.79%,07/02/20
PDD,93,Put,75.00,08/21/20,50,2.19,2.39,2.59,2.41,1986,1179,1.68,69.91%,07/02/20
PLUG,9.1,Call,11.50,07/17/20,15,0.28,0.29,0.30,0.29,511,306,1.67,132.47%,07/02/20
SQ,113.39,Put,110.00,07/10/20,8,1.60,1.68,1.76,1.68,4406,2636,1.67,46.94%,07/02/20
COST,305.74,Call,315.00,07/10/20,8,0.40,0.52,0.63,0.45,715,432,1.66,16.86%,07/02/20
CAR,25.92,Call,29.00,07/17/20,15,0.80,0.83,0.85,0.83,850,511,1.66,90.27%,07/02/20
BIIB,265.12,Put,250.00,07/17/20,15,2.75,3.73,4.70,3.22,1054,636,1.66,42.44%,07/02/20
MSFT,206.26,Call,207.50,07/17/20,15,3.45,3.65,3.85,3.58,3231,1950,1.66,24.60%,07/02/20
NIO,9.38,Call,10.00,08/21/20,50,1.60,1.61,1.61,1.60,22690,13699,1.66,133.26%,07/02/20
CSCO,45.63,Put,39.00,08/21/20,50,0.40,0.44,0.47,0.42,776,471,1.65,39.13%,07/02/20
BAC,23.29,Put,23.50,07/10/20,8,0.57,0.59,0.61,0.58,5897,3580,1.65,34.15%,07/02/20
BYND,140.72,Call,143.00,07/10/20,8,4.00,4.1,4.20,4.12,523,319,1.64,61.63%,07/02/20
GS,197.4,Call,210.00,07/10/20,8,0.36,0.38,0.40,0.37,837,511,1.64,30.60%,07/02/20
INO,21.45,Put,14.00,07/10/20,8,0.13,0.15,0.16,0.15,846,515,1.64,194.23%,07/02/20
ZM,261.74,Put,237.50,07/10/20,8,0.60,0.75,0.90,0.77,1028,627,1.64,49.35%,07/02/20
GNUS,3.55,Call,3.00,07/24/20,22,0.85,0.9,0.95,0.90,1047,637,1.64,183.64%,07/02/20
MRNA,58.57,Call,63.00,07/10/20,8,1.86,1.93,2.00,2.00,1078,656,1.64,106.17%,07/02/20
CAR,25.92,Put,16.00,08/21/20,50,0.55,0.65,0.75,0.67,1089,666,1.64,122.96%,07/02/20
NFLX,476.89,Put,465.00,07/10/20,8,4.00,4.4,4.80,4.50,1370,835,1.64,33.47%,07/02/20
MSFT,206.26,Put,205.00,07/17/20,15,3.25,3.63,4.00,3.90,1805,1103,1.64,27.41%,07/02/20
GSX,63.09,Put,45.00,08/21/20,50,5.40,5.7,6.00,5.60,2017,1228,1.64,162.83%,07/02/20
PDD,93,Put,75.00,09/18/20,78,3.35,3.83,4.30,3.50,761,466,1.63,65.83%,07/02/20
NVDA,384.49,Put,365.00,07/10/20,8,1.29,1.47,1.65,1.53,677,419,1.62,34.57%,07/02/20
C,50.55,Call,53.00,07/10/20,8,0.37,0.39,0.41,0.38,1888,1164,1.62,40.35%,07/02/20
NIO,9.38,Call,11.00,08/21/20,50,1.34,1.37,1.40,1.39,3997,2463,1.62,141.12%,07/02/20
ROKU,128.65,Call,135.00,07/17/20,15,3.90,4,4.10,4.04,5126,3169,1.62,63.06%,07/02/20
AGRX,2.83,Call,2.50,07/17/20,15,0.35,0.4,0.45,0.35,525,326,1.61,54.03%,07/02/20
MCD,183.52,Put,185.00,08/21/20,50,7.70,8,8.30,7.62,956,594,1.61,25.94%,07/02/20
BAC,23.29,Call,23.50,07/10/20,8,0.38,0.39,0.40,0.38,5085,3161,1.61,34.35%,07/02/20
TSLA,1208.66,Call,1240.00,07/17/20,15,41.50,42.88,44.25,44.05,577,361,1.6,58.71%,07/02/20
BABA,223.6,Call,232.50,07/17/20,15,2.10,2.28,2.45,2.20,713,445,1.6,29.88%,07/02/20
ZM,261.74,Put,245.00,07/10/20,8,1.30,1.43,1.55,1.40,730,456,1.6,44.85%,07/02/20
WYNN,77.32,Call,80.00,07/10/20,8,1.30,1.5,1.70,1.57,1094,682,1.6,57.97%,07/02/20
NIO,9.38,Call,8.50,07/31/20,29,1.75,1.78,1.80,1.77,1607,1004,1.6,127.80%,07/02/20
UBER,30.68,Call,33.00,07/10/20,8,0.17,0.19,0.20,0.19,2049,1282,1.6,48.82%,07/02/20
TWTR,30.87,Call,35.00,08/21/20,50,1.20,1.21,1.23,1.21,2364,1479,1.6,57.44%,07/02/20
AAPL,364.11,Call,400.00,07/10/20,8,0.12,0.13,0.14,0.14,5866,3676,1.6,31.25%,07/02/20
WORK,30.31,Call,31.00,07/10/20,8,0.58,0.61,0.64,0.62,1064,668,1.59,50.86%,07/02/20
C,50.55,Call,54.00,07/10/20,8,0.22,0.24,0.25,0.25,1382,870,1.59,42.42%,07/02/20
FB,233.42,Call,237.50,07/17/20,15,4.55,4.82,5.10,4.73,1634,1025,1.59,34.21%,07/02/20
JPM,92.66,Call,108.00,07/17/20,15,0.20,0.22,0.23,0.21,636,402,1.58,46.53%,07/02/20
NCLH,15.97,Call,16.00,07/10/20,8,0.77,0.78,0.79,0.78,1003,635,1.58,84.00%,07/02/20
MU,49.83,Call,52.00,07/17/20,15,0.69,0.72,0.74,0.71,1934,1222,1.58,37.68%,07/02/20
AAPL,364.11,Call,395.00,07/10/20,8,0.16,0.18,0.20,0.18,2243,1419,1.58,28.87%,07/02/20
AAPL,364.11,Call,365.00,07/10/20,8,4.45,4.73,5.00,4.70,8161,5166,1.58,23.59%,07/02/20
GNUS,3.55,Call,3.00,07/17/20,15,0.80,0.85,0.90,0.90,20054,12670,1.58,222.59%,07/02/20
NFLX,476.89,Call,540.00,07/10/20,8,0.50,0.58,0.65,0.63,735,468,1.57,48.59%,07/02/20
BYND,140.72,Call,145.00,07/10/20,8,3.40,3.43,3.45,3.45,1043,665,1.57,62.86%,07/02/20
PINS,24.11,Call,25.00,07/10/20,8,0.36,0.39,0.42,0.42,1118,710,1.57,54.04%,07/02/20
UAL,34.14,Call,36.00,07/10/20,8,0.83,0.9,0.97,0.91,1755,1119,1.57,80.92%,07/02/20
AXP,94.33,Call,95.00,08/21/20,50,5.05,5.15,5.25,5.00,3052,1941,1.57,37.54%,07/02/20
BABA,223.6,Put,207.50,07/10/20,8,0.31,0.4,0.48,0.43,545,349,1.56,36.35%,07/02/20
PLUG,9.1,Call,9.00,07/24/20,22,0.97,1.02,1.07,1.01,605,389,1.56,108.12%,07/02/20
NFLX,476.89,Call,550.00,07/10/20,8,0.41,0.51,0.61,0.54,690,442,1.56,52.76%,07/02/20
FB,233.42,Call,237.50,07/24/20,22,5.50,5.93,6.35,6.20,1066,682,1.56,34.67%,07/02/20
SQ,113.39,Call,115.00,07/10/20,8,2.39,2.5,2.60,2.45,1311,840,1.56,47.09%,07/02/20
TWTR,30.87,Call,33.00,07/10/20,8,0.14,0.16,0.17,0.15,1562,1002,1.56,42.47%,07/02/20
ZM,261.74,Call,300.00,07/10/20,8,0.05,0.13,0.20,0.17,619,400,1.55,46.33%,07/02/20
AMAT,61,Call,63.50,07/10/20,8,0.32,0.37,0.42,0.38,989,640,1.55,33.93%,07/02/20
AAL,12.5,Put,12.00,07/10/20,8,0.42,0.43,0.43,0.43,4395,2837,1.55,90.09%,07/02/20
SONO,15.13,Call,17.50,07/17/20,15,0.40,0.43,0.45,0.45,12426,7992,1.55,99.21%,07/02/20
TWTR,30.87,Put,31.00,07/10/20,8,0.77,0.79,0.82,0.80,507,329,1.54,40.42%,07/02/20
JPM,92.66,Call,96.50,07/10/20,8,0.45,0.5,0.55,0.46,542,353,1.54,31.17%,07/02/20
BMY,59.14,Call,60.00,08/21/20,50,2.19,2.42,2.65,2.35,10354,6722,1.54,30.80%,07/02/20
NIO,9.38,Call,9.00,07/17/20,15,1.20,1.21,1.23,1.22,29708,19314,1.54,137.17%,07/02/20
SPCE,16.25,Call,20.00,07/24/20,22,0.35,0.4,0.45,0.35,813,532,1.53,87.96%,07/02/20
AAPL,364.11,Put,355.00,07/10/20,8,1.52,1.81,2.10,1.85,5516,3600,1.53,24.56%,07/02/20
INTC,59.13,Call,65.00,08/21/20,50,0.74,0.77,0.80,0.75,29458,19229,1.53,29.59%,07/02/20
NIO,9.38,Put,8.00,07/31/20,29,0.67,0.71,0.75,0.69,504,332,1.52,130.54%,07/02/20
RAD,17.22,Call,18.00,07/10/20,8,0.40,0.44,0.48,0.45,505,333,1.52,74.72%,07/02/20
TWOU,39.31,Call,45.00,07/17/20,15,0.40,0.53,0.65,0.50,563,371,1.52,67.80%,07/02/20
MO,39.4,Put,38.00,07/17/20,15,0.32,0.39,0.45,0.34,567,373,1.52,27.91%,07/02/20
TEVA,11.35,Call,11.50,07/10/20,8,0.19,0.22,0.24,0.22,1099,723,1.52,42.59%,07/02/20
FB,233.42,Put,227.50,07/17/20,15,3.80,4.03,4.25,4.24,1222,805,1.52,36.75%,07/02/20
MRNA,58.57,Put,60.00,07/10/20,8,4.20,4.45,4.70,4.40,588,389,1.51,104.40%,07/02/20
TSLA,1208.66,Put,995.00,07/10/20,8,2.82,2.96,3.10,3.00,600,398,1.51,81.70%,07/02/20
BA,180.81,Put,182.50,07/17/20,15,10.10,10.27,10.45,10.30,691,457,1.51,64.65%,07/02/20
XOM,44.08,Call,44.50,07/17/20,15,1.12,1.18,1.24,1.15,711,470,1.51,37.37%,07/02/20
CAR,25.92,Call,27.00,07/17/20,15,1.45,1.53,1.60,1.55,732,486,1.51,95.43%,07/02/20
SPOT,271.49,Call,300.00,07/17/20,15,4.10,4.35,4.60,4.30,2001,1328,1.51,61.50%,07/02/20
ERI,41.2,Put,37.00,07/17/20,15,0.45,1.04,1.62,1.25,3151,2088,1.51,91.39%,07/02/20
ZM,261.74,Put,250.00,07/17/20,15,4.90,5.15,5.40,5.20,809,541,1.5,48.58%,07/02/20
PCG,9.45,Call,9.50,08/07/20,36,0.90,0.95,1.00,0.93,1511,1005,1.5,80.14%,07/02/20
EBAY,54.36,Call,60.00,10/16/20,106,1.70,1.88,2.07,1.93,2146,1430,1.5,33.25%,07/02/20
V,195.67,Call,200.00,07/10/20,8,0.80,0.9,1.00,0.93,2531,1685,1.5,21.46%,07/02/20
PCG,9.45,Call,11.00,08/21/20,50,0.50,0.57,0.63,0.52,4606,3074,1.5,74.81%,07/02/20
NCLH,15.97,Put,16.50,07/10/20,8,1.05,1.11,1.17,1.08,998,670,1.49,82.46%,07/02/20
NFLX,476.89,Put,450.00,07/10/20,8,1.48,1.62,1.75,1.55,1253,843,1.49,34.91%,07/02/20
AAL,12.5,Put,11.00,07/10/20,8,0.15,0.16,0.17,0.16,2876,1935,1.49,94.56%,07/02/20
C,50.55,Put,53.50,07/24/20,22,4.15,4.23,4.30,4.25,621,419,1.48,49.88%,07/02/20
INTC,59.13,Call,62.00,07/17/20,15,0.32,0.37,0.41,0.38,920,621,1.48,27.56%,07/02/20
CAR,25.92,Put,25.00,07/17/20,15,1.60,1.65,1.70,1.67,1087,736,1.48,102.43%,07/02/20
DUK,81.84,Call,82.50,07/17/20,15,1.20,1.3,1.40,1.55,1121,757,1.48,27.69%,07/02/20
AMD,52.34,Call,53.00,07/10/20,8,0.82,0.84,0.85,0.82,10561,7141,1.48,35.76%,07/02/20
TSLA,1208.66,Call,1200.00,07/31/20,29,105.00,107.5,110.00,106.40,515,351,1.47,74.99%,07/02/20
ADM,39.56,Put,39.00,07/17/20,15,0.50,0.58,0.65,0.55,516,351,1.47,25.45%,07/02/20
BABA,223.6,Call,230.00,07/24/20,22,3.70,3.98,4.25,3.90,593,403,1.47,29.45%,07/02/20
SHOP,1029.97,Call,1000.00,07/10/20,8,45.00,47.25,49.50,47.90,596,405,1.47,50.71%,07/02/20
QCOM,91.87,Call,93.00,07/10/20,8,0.95,1.09,1.22,1.05,668,453,1.47,28.18%,07/02/20
LULU,304.77,Call,320.00,07/10/20,8,1.49,1.6,1.70,1.72,939,640,1.47,36.62%,07/02/20
TSLA,1208.66,Call,1360.00,07/17/20,15,14.80,15.6,16.40,15.70,1186,806,1.47,62.78%,07/02/20
NIO,9.38,Call,15.00,08/21/20,50,0.80,0.87,0.93,0.80,3008,2044,1.47,156.92%,07/02/20
FRO,6.97,Put,6.00,10/16/20,106,0.60,0.68,0.75,0.65,526,361,1.46,77.97%,07/02/20
WYNN,77.32,Call,90.00,07/10/20,8,0.00,0.22,0.44,0.23,631,433,1.46,67.18%,07/02/20
NVDA,384.49,Put,375.00,07/10/20,8,3.15,3.47,3.80,3.85,738,504,1.46,34.44%,07/02/20
MSFT,206.26,Call,205.00,07/10/20,8,3.35,3.63,3.90,3.45,7019,4807,1.46,22.54%,07/02/20
BBBY,10.81,Call,11.50,07/10/20,8,0.54,0.55,0.57,0.55,598,411,1.45,129.19%,07/02/20
GOOGL,1469.93,Call,1500.00,07/17/20,15,14.20,15.8,17.40,17.19,1107,766,1.45,24.59%,07/02/20
VZ,54.79,Put,54.00,07/10/20,8,0.41,0.5,0.59,0.47,1258,865,1.45,25.23%,07/02/20
DOCU,190.99,Call,190.00,07/17/20,15,8.05,9.58,11.10,9.07,1697,1174,1.45,55.27%,07/02/20
AAL,12.5,Call,14.50,07/10/20,8,0.12,0.13,0.14,0.13,3106,2149,1.45,92.28%,07/02/20
EW,69.19,Call,75.00,07/17/20,15,0.15,0.28,0.40,0.30,561,390,1.44,33.96%,07/02/20
ORCL,55.94,Call,56.50,07/10/20,8,0.34,0.39,0.44,0.36,623,433,1.44,17.83%,07/02/20
DOCU,190.99,Call,220.00,07/17/20,15,1.23,1.29,1.34,1.33,676,470,1.44,57.67%,07/02/20
BA,180.81,Put,172.50,07/10/20,8,2.49,2.6,2.70,2.55,713,495,1.44,55.60%,07/02/20
BA,180.81,Put,162.50,07/10/20,8,0.67,0.69,0.70,0.70,952,659,1.44,56.94%,07/02/20
KO,44.88,Call,45.50,07/10/20,8,0.28,0.29,0.29,0.29,975,676,1.44,20.22%,07/02/20
JPM,92.66,Call,94.00,07/17/20,15,2.43,2.52,2.60,2.53,994,692,1.44,41.50%,07/02/20
AG,9.5,Put,9.00,10/16/20,106,1.09,1.14,1.18,1.14,996,694,1.44,70.59%,07/02/20
TSLA,1208.66,Call,1250.00,07/17/20,15,37.90,39.35,40.80,39.96,3670,2549,1.44,58.41%,07/02/20
MSFT,206.26,Put,200.00,07/10/20,8,0.86,0.96,1.06,1.01,5628,3904,1.44,26.97%,07/02/20
FB,233.42,Call,242.50,07/24/20,22,4.10,4.25,4.40,4.10,525,367,1.43,33.24%,07/02/20
AMZN,2890.3,Put,2830.00,07/10/20,8,17.50,20.3,23.10,22.16,582,407,1.43,27.53%,07/02/20
INO,21.45,Call,30.00,07/24/20,22,1.16,1.54,1.91,1.50,607,423,1.43,183.76%,07/02/20
AAL,12.5,Call,12.50,07/24/20,22,1.23,1.28,1.32,1.29,699,490,1.43,105.26%,07/02/20
AMZN,2890.3,Call,2880.00,07/17/20,15,68.05,72,75.95,70.00,823,574,1.43,27.37%,07/02/20
NVDA,384.49,Put,380.00,07/10/20,8,5.00,5.25,5.50,5.26,849,593,1.43,32.50%,07/02/20
M,6.8,Put,7.00,07/10/20,8,0.46,0.48,0.49,0.46,945,659,1.43,86.53%,07/02/20
UAL,34.14,Put,33.00,07/10/20,8,0.50,0.84,1.18,1.09,1093,767,1.43,80.76%,07/02/20
IQ,23.82,Put,22.50,12/18/20,169,3.15,3.22,3.30,3.10,1697,1188,1.43,60.92%,07/02/20
SPOT,271.49,Call,270.00,07/10/20,8,9.10,9.35,9.60,9.40,3428,2402,1.43,53.74%,07/02/20
DVN,11.24,Call,8.00,01/21/22,568,4.80,5.05,5.30,5.20,502,354,1.42,70.54%,07/02/20
XOM,44.08,Put,44.00,07/10/20,8,0.78,0.82,0.86,0.88,540,381,1.42,35.62%,07/02/20
C,50.55,Put,46.00,07/10/20,8,0.11,0.13,0.15,0.14,600,423,1.42,47.51%,07/02/20
GE,6.82,Call,6.00,07/10/20,8,0.80,0.84,0.88,0.83,736,517,1.42,50.20%,07/02/20
BMY,59.14,Call,61.00,07/10/20,8,0.29,0.35,0.40,0.35,1282,903,1.42,28.65%,07/02/20
AXP,94.33,Put,95.00,08/21/20,50,5.75,5.88,6.00,5.98,3057,2147,1.42,41.11%,07/02/20
BA,180.81,Call,210.00,07/10/20,8,0.84,0.87,0.89,0.89,4399,3098,1.42,74.93%,07/02/20
AAL,12.5,Call,13.50,07/10/20,8,0.28,0.29,0.29,0.28,4662,3286,1.42,86.36%,07/02/20
AAPL,364.11,Call,390.00,07/10/20,8,0.24,0.26,0.28,0.26,4906,3448,1.42,26.84%,07/02/20
AAPL,364.11,Put,340.00,07/10/20,8,0.49,0.54,0.59,0.56,6095,4296,1.42,32.23%,07/02/20
INO,21.45,Call,25.00,07/10/20,8,0.65,0.68,0.71,0.70,2589,1838,1.41,145.61%,07/02/20
AAPL,364.11,Put,365.00,07/17/20,15,7.15,7.85,8.55,7.48,2875,2044,1.41,24.22%,07/02/20
NET,36.47,Call,41.00,07/17/20,15,0.65,0.68,0.70,0.73,3347,2374,1.41,74.21%,07/02/20
MMM,157.04,Call,160.00,07/17/20,15,1.91,1.96,2.00,1.92,4626,3280,1.41,24.56%,07/02/20
WYNN,77.32,Call,85.00,07/10/20,8,0.28,0.5,0.71,0.56,576,410,1.4,61.04%,07/02/20
NFLX,476.89,Call,530.00,07/10/20,8,0.50,0.67,0.84,0.74,672,479,1.4,44.10%,07/02/20
C,50.55,Call,50.50,07/10/20,8,1.19,1.23,1.26,1.23,807,577,1.4,40.12%,07/02/20
USB,35.89,Call,37.00,07/10/20,8,0.20,0.31,0.42,0.43,807,577,1.4,40.49%,07/02/20
INO,21.45,Call,4.00,08/21/20,50,16.85,17.43,18.00,17.60,900,643,1.4,263.45%,07/02/20
NFLX,476.89,Put,350.00,11/20/20,141,8.35,8.93,9.50,9.00,909,651,1.4,47.94%,07/02/20
GOLD,26.27,Call,27.00,07/10/20,8,0.30,0.34,0.38,0.35,1273,912,1.4,41.20%,07/02/20
ROKU,128.65,Call,150.00,07/17/20,15,1.27,1.29,1.30,1.28,11002,7842,1.4,67.88%,07/02/20
GNUS,3.55,Call,4.00,07/17/20,15,0.50,0.55,0.60,0.60,12165,8663,1.4,266.99%,07/02/20
DOCU,190.99,Call,180.00,07/10/20,8,12.70,13.1,13.50,12.70,662,475,1.39,50.24%,07/02/20
AMZN,2890.3,Call,3200.00,07/17/20,15,5.00,5.85,6.70,6.00,1063,767,1.39,33.27%,07/02/20
TSLA,1208.66,Call,1190.00,07/10/20,8,42.35,46.38,50.40,46.25,1748,1254,1.39,50.75%,07/02/20
AAL,12.5,Call,12.50,07/10/20,8,0.63,0.64,0.64,0.64,1997,1432,1.39,86.50%,07/02/20
NIO,9.38,Call,15.00,07/17/20,15,0.30,0.32,0.33,0.32,2785,2001,1.39,205.97%,07/02/20
PFE,34.51,Put,33.00,07/16/21,379,3.40,3.47,3.55,3.41,3020,2179,1.39,31.97%,07/02/20
PCG,9.45,Call,9.50,07/17/20,15,0.45,0.5,0.55,0.46,8720,6266,1.39,62.95%,07/02/20
NVDA,384.49,Call,415.00,07/10/20,8,0.47,0.65,0.82,0.51,514,373,1.38,33.11%,07/02/20
AMD,52.34,Call,54.00,07/10/20,8,0.49,0.52,0.54,0.52,5224,3790,1.38,36.99%,07/02/20
MSFT,206.26,Call,215.00,07/10/20,8,0.36,0.41,0.45,0.39,5476,3977,1.38,22.93%,07/02/20
ORCL,55.94,Call,55.50,07/10/20,8,0.84,0.89,0.94,0.81,616,451,1.37,16.76%,07/02/20
C,50.55,Put,50.50,07/10/20,8,1.14,1.19,1.23,1.20,715,523,1.37,41.32%,07/02/20
XOM,44.08,Call,45.50,07/10/20,8,0.27,0.33,0.38,0.27,753,551,1.37,29.47%,07/02/20
NFLX,476.89,Call,485.00,07/17/20,15,16.75,17.68,18.60,17.41,916,671,1.37,54.27%,07/02/20
INO,21.45,Put,25.00,11/20/20,141,11.00,11.58,12.15,11.59,505,371,1.36,179.73%,07/02/20
AMZN,2890.3,Put,2000.00,09/18/20,78,5.30,6.82,8.35,7.65,512,376,1.36,45.30%,07/02/20
DHR,179.68,Call,180.00,07/17/20,15,2.41,3.31,4.20,3.41,559,412,1.36,24.18%,07/02/20
CCL,15.88,Put,14.50,07/10/20,8,0.28,0.29,0.30,0.29,579,426,1.36,89.14%,07/02/20
"Downloaded from Barchart.com as of 07-05-2020 03:57am CDT"
